Unnamed: 0,VeÃ­culo,grid_origem,grid_destino,dia,contagem
197,181,66030,75312,Friday,5
198,181,66030,75312,Friday,5
199,181,66030,75312,Friday,5
200,181,66030,75312,Friday,5
201,181,66030,75312,Friday,5
202,181,66030,75312,Saturday,2
203,181,66030,75312,Saturday,2
204,181,66449,64033,Friday,2
205,181,66449,64033,Friday,2
206,181,66449,64033,Wednesday,4
207,181,66449,64033,Wednesday,4
208,181,66449,64033,Wednesday,4
209,181,66449,64033,Wednesday,4
210,181,66449,73732,Thursday,3
211,181,66449,73732,Thursday,3
212,181,66449,73732,Thursday,3
213,181,66449,75312,Friday,8
214,181,66449,75312,Friday,8
215,181,66449,75312,Friday,8
216,181,66449,75312,Friday,8
217,181,66449,75312,Friday,8
218,181,66449,75312,Friday,8
219,181,66449,75312,Friday,8
220,181,66449,75312,Friday,8
221,181,66449,75312,Saturday,2
222,181,66449,75312,Saturday,2
223,181,66449,75312,Thursday,15
224,181,66449,75312,Thursday,15
225,181,66449,75312,Thursday,15
226,181,66449,75312,Thursday,15
227,181,66449,75312,Thursday,15
228,181,66449,75312,Thursday,15
229,181,66449,75312,Thursday,15
230,181,66449,75312,Thursday,15
231,181,66449,75312,Thursday,15
232,181,66449,75312,Thursday,15
233,181,66449,75312,Thursday,15
234,181,66449,75312,Thursday,15
235,181,66449,75312,Thursday,15
236,181,66449,75312,Thursday,15
237,181,66449,75312,Thursday,15
238,181,66449,75312,Wednesday,6
239,181,66449,75312,Wednesday,6
240,181,66449,75312,Wednesday,6
241,181,66449,75312,Wednesday,6
242,181,66449,75312,Wednesday,6
243,181,66449,75312,Wednesday,6
244,181,66940,78354,Friday,2
245,181,66940,78354,Friday,2
246,181,75312,66449,Friday,7
247,181,75312,66449,Friday,7
248,181,75312,66449,Friday,7
249,181,75312,66449,Friday,7
250,181,75312,66449,Friday,7
251,181,75312,66449,Friday,7
252,181,75312,66449,Friday,7
253,181,75312,66449,Thursday,4
254,181,75312,66449,Thursday,4
255,181,75312,66449,Thursday,4
256,181,75312,66449,Thursday,4
257,181,75313,66449,Thursday,2
258,181,75313,66449,Thursday,2
259,181,75736,66449,Friday,3
260,181,75736,66449,Friday,3
261,181,75736,66449,Friday,3
262,181,75736,66449,Thursday,5
263,181,75736,66449,Thursday,5
264,181,75736,66449,Thursday,5
265,181,75736,66449,Thursday,5
266,181,75736,66449,Thursday,5
267,181,75737,66449,Friday,2
268,181,75737,66449,Friday,2
269,181,75737,66449,Thursday,2
270,181,75737,66449,Thursday,2
271,181,75737,66449,Wednesday,2
272,181,75737,66449,Wednesday,2
273,181,76704,66449,Friday,2
274,181,76704,66449,Friday,2
275,181,77130,66449,Friday,5
276,181,77130,66449,Friday,5
277,181,77130,66449,Friday,5
278,181,77130,66449,Friday,5
279,181,77130,66449,Friday,5
303,185,20542,69505,Thursday,2
304,185,20542,69505,Thursday,2
305,185,69505,76279,Monday,2
306,185,69505,76279,Monday,2
307,185,69505,76704,Monday,10
308,185,69505,76704,Monday,10
309,185,69505,76704,Monday,10
310,185,69505,76704,Monday,10
311,185,69505,76704,Monday,10
312,185,69505,76704,Monday,10
313,185,69505,76704,Monday,10
314,185,69505,76704,Monday,10
315,185,69505,76704,Monday,10
316,185,69505,76704,Monday,10
317,185,69505,76704,Tuesday,13
318,185,69505,76704,Tuesday,13
319,185,69505,76704,Tuesday,13
320,185,69505,76704,Tuesday,13
321,185,69505,76704,Tuesday,13
322,185,69505,76704,Tuesday,13
323,185,69505,76704,Tuesday,13
324,185,69505,76704,Tuesday,13
325,185,69505,76704,Tuesday,13
326,185,69505,76704,Tuesday,13
327,185,69505,76704,Tuesday,13
328,185,69505,76704,Tuesday,13
329,185,69505,76704,Tuesday,13
330,185,69505,76704,Wednesday,2
331,185,69505,76704,Wednesday,2
332,185,69505,77928,Monday,2
333,185,69505,77928,Monday,2
334,185,69505,78354,Monday,5
335,185,69505,78354,Monday,5
336,185,69505,78354,Monday,5
337,185,69505,78354,Monday,5
338,185,69505,78354,Monday,5
339,185,69505,78354,Tuesday,14
340,185,69505,78354,Tuesday,14
341,185,69505,78354,Tuesday,14
342,185,69505,78354,Tuesday,14
343,185,69505,78354,Tuesday,14
344,185,69505,78354,Tuesday,14
345,185,69505,78354,Tuesday,14
346,185,69505,78354,Tuesday,14
347,185,69505,78354,Tuesday,14
348,185,69505,78354,Tuesday,14
349,185,69505,78354,Tuesday,14
350,185,69505,78354,Tuesday,14
351,185,69505,78354,Tuesday,14
352,185,69505,78354,Tuesday,14
353,185,69505,78354,Wednesday,3
354,185,69505,78354,Wednesday,3
355,185,69505,78354,Wednesday,3
356,185,76705,69505,Monday,2
357,185,76705,69505,Monday,2
358,185,76705,69505,Tuesday,2
359,185,76705,69505,Tuesday,2
360,185,76705,69926,Monday,2
361,185,76705,69926,Monday,2
362,185,76705,69926,Tuesday,2
363,185,76705,69926,Tuesday,2
364,185,76705,69926,Wednesday,2
365,185,76705,69926,Wednesday,2
366,185,78354,69505,Monday,5
367,185,78354,69505,Monday,5
368,185,78354,69505,Monday,5
369,185,78354,69505,Monday,5
370,185,78354,69505,Monday,5
371,185,78354,69505,Sunday,2
372,185,78354,69505,Sunday,2
373,185,78354,69505,Thursday,2
374,185,78354,69505,Thursday,2
375,185,78354,69505,Tuesday,2
376,185,78354,69505,Tuesday,2
377,185,78354,69505,Wednesday,2
378,185,78354,69505,Wednesday,2
379,185,78354,69926,Monday,2
380,185,78354,69926,Monday,2
611,223,21933,21627,Thursday,2
612,223,21933,21627,Thursday,2
613,223,21934,21627,Thursday,2
614,223,21934,21627,Thursday,2
615,223,22308,21627,Thursday,2
616,223,22308,21627,Thursday,2
617,223,30421,34023,Thursday,3
618,223,30421,34023,Thursday,3
619,223,30421,34023,Thursday,3
620,223,30421,34023,Wednesday,5
621,223,30421,34023,Wednesday,5
622,223,30421,34023,Wednesday,5
623,223,30421,34023,Wednesday,5
624,223,30421,34023,Wednesday,5
625,223,30421,42529,Thursday,3
626,223,30421,42529,Thursday,3
627,223,30421,42529,Thursday,3
628,223,30421,42529,Wednesday,9
629,223,30421,42529,Wednesday,9
630,223,30421,42529,Wednesday,9
631,223,30421,42529,Wednesday,9
632,223,30421,42529,Wednesday,9
633,223,30421,42529,Wednesday,9
634,223,30421,42529,Wednesday,9
635,223,30421,42529,Wednesday,9
636,223,30421,42529,Wednesday,9
637,223,30421,42530,Thursday,7
638,223,30421,42530,Thursday,7
639,223,30421,42530,Thursday,7
640,223,30421,42530,Thursday,7
641,223,30421,42530,Thursday,7
642,223,30421,42530,Thursday,7
643,223,30421,42530,Thursday,7
644,223,30421,42530,Tuesday,8
645,223,30421,42530,Tuesday,8
646,223,30421,42530,Tuesday,8
647,223,30421,42530,Tuesday,8
648,223,30421,42530,Tuesday,8
649,223,30421,42530,Tuesday,8
650,223,30421,42530,Tuesday,8
651,223,30421,42530,Tuesday,8
652,223,30421,42530,Wednesday,17
653,223,30421,42530,Wednesday,17
654,223,30421,42530,Wednesday,17
655,223,30421,42530,Wednesday,17
656,223,30421,42530,Wednesday,17
657,223,30421,42530,Wednesday,17
658,223,30421,42530,Wednesday,17
659,223,30421,42530,Wednesday,17
660,223,30421,42530,Wednesday,17
661,223,30421,42530,Wednesday,17
662,223,30421,42530,Wednesday,17
663,223,30421,42530,Wednesday,17
664,223,30421,42530,Wednesday,17
665,223,30421,42530,Wednesday,17
666,223,30421,42530,Wednesday,17
667,223,30421,42530,Wednesday,17
668,223,30421,42530,Wednesday,17
669,223,30422,42122,Wednesday,3
670,223,30422,42122,Wednesday,3
671,223,30422,42122,Wednesday,3
672,223,30422,42529,Thursday,9
673,223,30422,42529,Thursday,9
674,223,30422,42529,Thursday,9
675,223,30422,42529,Thursday,9
676,223,30422,42529,Thursday,9
677,223,30422,42529,Thursday,9
678,223,30422,42529,Thursday,9
679,223,30422,42529,Thursday,9
680,223,30422,42529,Thursday,9
681,223,30422,42529,Tuesday,5
682,223,30422,42529,Tuesday,5
683,223,30422,42529,Tuesday,5
684,223,30422,42529,Tuesday,5
685,223,30422,42529,Tuesday,5
686,223,30422,42529,Wednesday,6
687,223,30422,42529,Wednesday,6
688,223,30422,42529,Wednesday,6
689,223,30422,42529,Wednesday,6
690,223,30422,42529,Wednesday,6
691,223,30422,42529,Wednesday,6
692,223,30422,42530,Thursday,8
693,223,30422,42530,Thursday,8
694,223,30422,42530,Thursday,8
695,223,30422,42530,Thursday,8
696,223,30422,42530,Thursday,8
697,223,30422,42530,Thursday,8
698,223,30422,42530,Thursday,8
699,223,30422,42530,Thursday,8
700,223,30422,42530,Tuesday,2
701,223,30422,42530,Tuesday,2
702,223,30422,42530,Wednesday,18
703,223,30422,42530,Wednesday,18
704,223,30422,42530,Wednesday,18
705,223,30422,42530,Wednesday,18
706,223,30422,42530,Wednesday,18
707,223,30422,42530,Wednesday,18
708,223,30422,42530,Wednesday,18
709,223,30422,42530,Wednesday,18
710,223,30422,42530,Wednesday,18
711,223,30422,42530,Wednesday,18
712,223,30422,42530,Wednesday,18
713,223,30422,42530,Wednesday,18
714,223,30422,42530,Wednesday,18
715,223,30422,42530,Wednesday,18
716,223,30422,42530,Wednesday,18
717,223,30422,42530,Wednesday,18
718,223,30422,42530,Wednesday,18
719,223,30422,42530,Wednesday,18
720,223,34023,30422,Thursday,3
721,223,34023,30422,Thursday,3
722,223,34023,30422,Thursday,3
723,223,36443,30422,Wednesday,4
724,223,36443,30422,Wednesday,4
725,223,36443,30422,Wednesday,4
726,223,36443,30422,Wednesday,4
727,223,38465,30423,Tuesday,2
728,223,38465,30423,Tuesday,2
729,223,40088,30422,Thursday,2
730,223,40088,30422,Thursday,2
731,223,40088,30422,Wednesday,2
732,223,40088,30422,Wednesday,2
733,223,40089,30422,Thursday,2
734,223,40089,30422,Thursday,2
735,223,42530,30422,Thursday,3
736,223,42530,30422,Thursday,3
737,223,42530,30422,Thursday,3
738,223,42530,30422,Tuesday,2
739,223,42530,30422,Tuesday,2
740,223,42530,30422,Wednesday,2
741,223,42530,30422,Wednesday,2
748,231,21285,21628,Monday,7
749,231,21285,21628,Monday,7
750,231,21285,21628,Monday,7
751,231,21285,21628,Monday,7
752,231,21285,21628,Monday,7
753,231,21285,21628,Monday,7
754,231,21285,21628,Monday,7
755,231,21285,21628,Tuesday,6
756,231,21285,21628,Tuesday,6
757,231,21285,21628,Tuesday,6
758,231,21285,21628,Tuesday,6
759,231,21285,21628,Tuesday,6
760,231,21285,21628,Tuesday,6
761,231,21285,25818,Sunday,2
762,231,21285,25818,Sunday,2
763,231,21285,26204,Monday,3
764,231,21285,26204,Monday,3
765,231,21285,26204,Monday,3
766,231,21285,31284,Monday,4
767,231,21285,31284,Monday,4
768,231,21285,31284,Monday,4
769,231,21285,31284,Monday,4
770,231,21285,42570,Monday,2
771,231,21285,42570,Monday,2
772,231,21285,56861,Sunday,2
773,231,21285,56861,Sunday,2
774,231,21286,21628,Monday,2
775,231,21286,21628,Monday,2
776,231,21286,65652,Tuesday,2
777,231,21286,65652,Tuesday,2
778,231,21307,56545,Sunday,2
779,231,21307,56545,Sunday,2
780,231,21628,21285,Monday,2
781,231,21628,21285,Monday,2
782,231,21628,21285,Sunday,3
783,231,21628,21285,Sunday,3
784,231,21628,21285,Sunday,3
785,231,21628,21285,Tuesday,2
786,231,21628,21285,Tuesday,2
787,231,21628,21655,Monday,3
788,231,21628,21655,Monday,3
789,231,21628,21655,Monday,3
790,231,21628,21655,Tuesday,6
791,231,21628,21655,Tuesday,6
792,231,21628,21655,Tuesday,6
793,231,21628,21655,Tuesday,6
794,231,21628,21655,Tuesday,6
795,231,21628,21655,Tuesday,6
796,231,29701,21655,Monday,2
797,231,29701,21655,Monday,2
997,276,64462,76704,Monday,2
998,276,64462,76704,Monday,2
999,276,64462,76704,Tuesday,3
1000,276,64462,76704,Tuesday,3
1001,276,64462,76704,Tuesday,3
1002,276,74544,75866,Wednesday,3
1003,276,74544,75866,Wednesday,3
1004,276,74544,75866,Wednesday,3
1005,276,74544,77129,Tuesday,7
1006,276,74544,77129,Tuesday,7
1007,276,74544,77129,Tuesday,7
1008,276,74544,77129,Tuesday,7
1009,276,74544,77129,Tuesday,7
1010,276,74544,77129,Tuesday,7
1011,276,74544,77129,Tuesday,7
1012,276,74544,77129,Wednesday,6
1013,276,74544,77129,Wednesday,6
1014,276,74544,77129,Wednesday,6
1015,276,74544,77129,Wednesday,6
1016,276,74544,77129,Wednesday,6
1017,276,74544,77129,Wednesday,6
1018,276,74545,75866,Wednesday,3
1019,276,74545,75866,Wednesday,3
1020,276,74545,75866,Wednesday,3
1021,276,74548,75866,Wednesday,2
1022,276,74548,75866,Wednesday,2
1023,276,74548,77129,Tuesday,8
1024,276,74548,77129,Tuesday,8
1025,276,74548,77129,Tuesday,8
1026,276,74548,77129,Tuesday,8
1027,276,74548,77129,Tuesday,8
1028,276,74548,77129,Tuesday,8
1029,276,74548,77129,Tuesday,8
1030,276,74548,77129,Tuesday,8
1031,276,74548,77129,Wednesday,2
1032,276,74548,77129,Wednesday,2
1033,276,74549,77129,Wednesday,2
1034,276,74549,77129,Wednesday,2
1035,276,74972,77129,Tuesday,2
1036,276,74972,77129,Tuesday,2
1037,276,75867,74546,Tuesday,4
1038,276,75867,74546,Tuesday,4
1039,276,75867,74546,Tuesday,4
1040,276,75867,74546,Tuesday,4
1041,276,75867,74546,Wednesday,3
1042,276,75867,74546,Wednesday,3
1043,276,75867,74546,Wednesday,3
1044,276,76292,74544,Tuesday,3
1045,276,76292,74544,Tuesday,3
1046,276,76292,74544,Tuesday,3
1047,276,76292,74544,Wednesday,4
1048,276,76292,74544,Wednesday,4
1049,276,76292,74544,Wednesday,4
1050,276,76292,74544,Wednesday,4
1051,276,76292,74545,Tuesday,10
1052,276,76292,74545,Tuesday,10
1053,276,76292,74545,Tuesday,10
1054,276,76292,74545,Tuesday,10
1055,276,76292,74545,Tuesday,10
1056,276,76292,74545,Tuesday,10
1057,276,76292,74545,Tuesday,10
1058,276,76292,74545,Tuesday,10
1059,276,76292,74545,Tuesday,10
1060,276,76292,74545,Tuesday,10
1061,276,76292,74545,Wednesday,4
1062,276,76292,74545,Wednesday,4
1063,276,76292,74545,Wednesday,4
1064,276,76292,74545,Wednesday,4
1065,276,76292,74546,Monday,2
1066,276,76292,74546,Monday,2
1067,276,76292,74546,Tuesday,3
1068,276,76292,74546,Tuesday,3
1069,276,76292,74546,Tuesday,3
1070,276,76292,74546,Wednesday,7
1071,276,76292,74546,Wednesday,7
1072,276,76292,74546,Wednesday,7
1073,276,76292,74546,Wednesday,7
1074,276,76292,74546,Wednesday,7
1075,276,76292,74546,Wednesday,7
1076,276,76292,74546,Wednesday,7
1077,276,76292,74549,Tuesday,6
1078,276,76292,74549,Tuesday,6
1079,276,76292,74549,Tuesday,6
1080,276,76292,74549,Tuesday,6
1081,276,76292,74549,Tuesday,6
1082,276,76292,74549,Tuesday,6
1083,276,76292,74549,Wednesday,3
1084,276,76292,74549,Wednesday,3
1085,276,76292,74549,Wednesday,3
1086,276,76704,74545,Tuesday,2
1087,276,76704,74545,Tuesday,2
1088,276,76705,64463,Tuesday,2
1089,276,76705,64463,Tuesday,2
1090,276,76705,64463,Wednesday,2
1091,276,76705,64463,Wednesday,2
1092,276,76705,74544,Tuesday,4
1093,276,76705,74544,Tuesday,4
1094,276,76705,74544,Tuesday,4
1095,276,76705,74544,Tuesday,4
1096,276,76705,74544,Wednesday,2
1097,276,76705,74544,Wednesday,2
1098,276,76705,74545,Tuesday,2
1099,276,76705,74545,Tuesday,2
1100,276,76705,74545,Wednesday,2
1101,276,76705,74545,Wednesday,2
1102,276,76705,74546,Tuesday,3
1103,276,76705,74546,Tuesday,3
1104,276,76705,74546,Tuesday,3
1105,276,76705,74547,Monday,2
1106,276,76705,74547,Monday,2
1107,276,77129,74546,Wednesday,2
1108,276,77129,74546,Wednesday,2
1109,276,77130,74544,Tuesday,3
1110,276,77130,74544,Tuesday,3
1111,276,77130,74544,Tuesday,3
1112,276,77130,74544,Wednesday,2
1113,276,77130,74544,Wednesday,2
1114,276,77130,74545,Monday,2
1115,276,77130,74545,Monday,2
1116,276,77130,74545,Tuesday,4
1117,276,77130,74545,Tuesday,4
1118,276,77130,74545,Tuesday,4
1119,276,77130,74545,Tuesday,4
1120,276,77130,74545,Wednesday,5
1121,276,77130,74545,Wednesday,5
1122,276,77130,74545,Wednesday,5
1123,276,77130,74545,Wednesday,5
1124,276,77130,74545,Wednesday,5
1125,276,77130,74546,Tuesday,4
1126,276,77130,74546,Tuesday,4
1127,276,77130,74546,Tuesday,4
1128,276,77130,74546,Tuesday,4
1129,276,77130,74546,Wednesday,4
1130,276,77130,74546,Wednesday,4
1131,276,77130,74546,Wednesday,4
1132,276,77130,74546,Wednesday,4
1133,276,77130,74547,Monday,2
1134,276,77130,74547,Monday,2
1135,276,77130,74549,Monday,2
1136,276,77130,74549,Monday,2
1137,276,77130,74549,Wednesday,2
1138,276,77130,74549,Wednesday,2
1164,283,53200,77896,Thursday,2
1165,283,53200,77896,Thursday,2
1166,283,53200,78321,Thursday,2
1167,283,53200,78321,Thursday,2
1168,283,61057,78321,Tuesday,2
1169,283,61057,78321,Tuesday,2
1170,283,64033,50333,Sunday,3
1171,283,64033,50333,Sunday,3
1172,283,64033,50333,Sunday,3
1173,283,66071,77896,Tuesday,2
1174,283,66071,77896,Tuesday,2
1175,283,78321,51558,Monday,2
1176,283,78321,51558,Monday,2
1177,283,78321,51558,Tuesday,2
1178,283,78321,51558,Tuesday,2
1179,283,78321,51558,Wednesday,3
1180,283,78321,51558,Wednesday,3
1181,283,78321,51558,Wednesday,3
1182,283,78321,51968,Monday,3
1183,283,78321,51968,Monday,3
1184,283,78321,51968,Monday,3
1185,283,78321,51968,Thursday,2
1186,283,78321,51968,Thursday,2
1187,283,78321,51968,Tuesday,4
1188,283,78321,51968,Tuesday,4
1189,283,78321,51968,Tuesday,4
1190,283,78321,51968,Tuesday,4
1191,283,78321,51968,Wednesday,2
1192,283,78321,51968,Wednesday,2
1193,283,78321,51969,Tuesday,5
1194,283,78321,51969,Tuesday,5
1195,283,78321,51969,Tuesday,5
1196,283,78321,51969,Tuesday,5
1197,283,78321,51969,Tuesday,5
1198,283,78321,51969,Wednesday,3
1199,283,78321,51969,Wednesday,3
1200,283,78321,51969,Wednesday,3
1201,283,78322,51558,Monday,3
1202,283,78322,51558,Monday,3
1203,283,78322,51558,Monday,3
1204,283,78322,51969,Monday,3
1205,283,78322,51969,Monday,3
1206,283,78322,51969,Monday,3
1207,283,78322,51969,Thursday,2
1208,283,78322,51969,Thursday,2
1209,283,78322,51969,Tuesday,3
1210,283,78322,51969,Tuesday,3
1211,283,78322,51969,Tuesday,3
1212,283,78322,51969,Wednesday,3
1213,283,78322,51969,Wednesday,3
1214,283,78322,51969,Wednesday,3
1228,292,47816,75312,Sunday,2
1229,292,47816,75312,Sunday,2
1230,292,48204,75312,Sunday,2
1231,292,48204,75312,Sunday,2
1232,292,66058,75312,Monday,3
1233,292,66058,75312,Monday,3
1234,292,66058,75312,Monday,3
1235,292,66059,75312,Monday,2
1236,292,66059,75312,Monday,2
1237,292,66059,75312,Sunday,2
1238,292,66059,75312,Sunday,2
1239,292,66071,75312,Sunday,2
1240,292,66071,75312,Sunday,2
1241,292,66449,75312,Monday,9
1242,292,66449,75312,Monday,9
1243,292,66449,75312,Monday,9
1244,292,66449,75312,Monday,9
1245,292,66449,75312,Monday,9
1246,292,66449,75312,Monday,9
1247,292,66449,75312,Monday,9
1248,292,66449,75312,Monday,9
1249,292,66449,75312,Monday,9
1250,292,66449,75312,Saturday,3
1251,292,66449,75312,Saturday,3
1252,292,66449,75312,Saturday,3
1253,292,66449,75312,Sunday,4
1254,292,66449,75312,Sunday,4
1255,292,66449,75312,Sunday,4
1256,292,66449,75312,Sunday,4
1257,292,75312,66058,Monday,5
1258,292,75312,66058,Monday,5
1259,292,75312,66058,Monday,5
1260,292,75312,66058,Monday,5
1261,292,75312,66058,Monday,5
1262,292,75312,66449,Monday,3
1263,292,75312,66449,Monday,3
1264,292,75312,66449,Monday,3
1265,292,75736,66058,Monday,6
1266,292,75736,66058,Monday,6
1267,292,75736,66058,Monday,6
1268,292,75736,66058,Monday,6
1269,292,75736,66058,Monday,6
1270,292,75736,66058,Monday,6
1271,292,75736,66449,Monday,2
1272,292,75736,66449,Monday,2
1273,292,75737,66058,Monday,3
1274,292,75737,66058,Monday,3
1275,292,75737,66058,Monday,3
1276,292,75737,66449,Monday,2
1277,292,75737,66449,Monday,2
1362,309,51972,75313,Friday,2
1363,309,51972,75313,Friday,2
1364,309,51972,75313,Saturday,3
1365,309,51972,75313,Saturday,3
1366,309,51972,75313,Saturday,3
1367,309,51972,75313,Sunday,3
1368,309,51972,75313,Sunday,3
1369,309,51972,75313,Sunday,3
1370,309,51972,75313,Thursday,2
1371,309,51972,75313,Thursday,2
1372,309,66940,78354,Wednesday,2
1373,309,66940,78354,Wednesday,2
1374,309,69852,75313,Friday,2
1375,309,69852,75313,Friday,2
1376,309,75312,50328,Wednesday,2
1377,309,75312,50328,Wednesday,2
1378,309,75313,51150,Sunday,2
1379,309,75313,51150,Sunday,2
1380,309,75736,50739,Monday,2
1381,309,75736,50739,Monday,2
1382,309,75736,50739,Saturday,2
1383,309,75736,50739,Saturday,2
1384,309,75736,51150,Friday,5
1385,309,75736,51150,Friday,5
1386,309,75736,51150,Friday,5
1387,309,75736,51150,Friday,5
1388,309,75736,51150,Friday,5
1389,309,75736,51150,Monday,3
1390,309,75736,51150,Monday,3
1391,309,75736,51150,Monday,3
1392,309,75736,51150,Saturday,4
1393,309,75736,51150,Saturday,4
1394,309,75736,51150,Saturday,4
1395,309,75736,51150,Saturday,4
1396,309,75736,51150,Sunday,5
1397,309,75736,51150,Sunday,5
1398,309,75736,51150,Sunday,5
1399,309,75736,51150,Sunday,5
1400,309,75736,51150,Sunday,5
1401,309,75736,51150,Thursday,4
1402,309,75736,51150,Thursday,4
1403,309,75736,51150,Thursday,4
1404,309,75736,51150,Thursday,4
1405,309,75736,51150,Tuesday,2
1406,309,75736,51150,Tuesday,2
1407,309,75736,51972,Friday,7
1408,309,75736,51972,Friday,7
1409,309,75736,51972,Friday,7
1410,309,75736,51972,Friday,7
1411,309,75736,51972,Friday,7
1412,309,75736,51972,Friday,7
1413,309,75736,51972,Friday,7
1414,309,75736,51972,Saturday,5
1415,309,75736,51972,Saturday,5
1416,309,75736,51972,Saturday,5
1417,309,75736,51972,Saturday,5
1418,309,75736,51972,Saturday,5
1419,309,75736,51972,Thursday,4
1420,309,75736,51972,Thursday,4
1421,309,75736,51972,Thursday,4
1422,309,75736,51972,Thursday,4
1423,309,75737,50328,Tuesday,2
1424,309,75737,50328,Tuesday,2
1425,309,75737,51150,Friday,2
1426,309,75737,51150,Friday,2
1427,309,75737,51150,Monday,2
1428,309,75737,51150,Monday,2
1429,309,75737,51150,Saturday,2
1430,309,75737,51150,Saturday,2
1431,309,75737,51150,Tuesday,2
1432,309,75737,51150,Tuesday,2
1433,309,75737,51972,Monday,2
1434,309,75737,51972,Monday,2
1435,309,75737,51972,Saturday,2
1436,309,75737,51972,Saturday,2
1437,309,78354,50328,Tuesday,2
1438,309,78354,50328,Tuesday,2
1439,309,78354,50328,Wednesday,7
1440,309,78354,50328,Wednesday,7
1441,309,78354,50328,Wednesday,7
1442,309,78354,50328,Wednesday,7
1443,309,78354,50328,Wednesday,7
1444,309,78354,50328,Wednesday,7
1445,309,78354,50328,Wednesday,7
1446,309,78354,51150,Wednesday,3
1447,309,78354,51150,Wednesday,3
1448,309,78354,51150,Wednesday,3
1449,309,78354,51972,Wednesday,2
1450,309,78354,51972,Wednesday,2
1468,323,50302,75312,Thursday,2
1469,323,50302,75312,Thursday,2
1470,323,50738,71961,Friday,2
1471,323,50738,71961,Friday,2
1472,323,50738,75312,Sunday,3
1473,323,50738,75312,Sunday,3
1474,323,50738,75312,Sunday,3
1475,323,50739,75312,Thursday,2
1476,323,50739,75312,Thursday,2
1477,323,50744,75312,Saturday,2
1478,323,50744,75312,Saturday,2
1479,323,50744,75312,Thursday,2
1480,323,50744,75312,Thursday,2
1481,323,51147,75312,Friday,2
1482,323,51147,75312,Friday,2
1483,323,75312,50738,Friday,7
1484,323,75312,50738,Friday,7
1485,323,75312,50738,Friday,7
1486,323,75312,50738,Friday,7
1487,323,75312,50738,Friday,7
1488,323,75312,50738,Friday,7
1489,323,75312,50738,Friday,7
1490,323,75312,50738,Monday,7
1491,323,75312,50738,Monday,7
1492,323,75312,50738,Monday,7
1493,323,75312,50738,Monday,7
1494,323,75312,50738,Monday,7
1495,323,75312,50738,Monday,7
1496,323,75312,50738,Monday,7
1497,323,75312,50738,Saturday,3
1498,323,75312,50738,Saturday,3
1499,323,75312,50738,Saturday,3
1500,323,75312,50738,Sunday,8
1501,323,75312,50738,Sunday,8
1502,323,75312,50738,Sunday,8
1503,323,75312,50738,Sunday,8
1504,323,75312,50738,Sunday,8
1505,323,75312,50738,Sunday,8
1506,323,75312,50738,Sunday,8
1507,323,75312,50738,Sunday,8
1508,323,75312,50738,Thursday,7
1509,323,75312,50738,Thursday,7
1510,323,75312,50738,Thursday,7
1511,323,75312,50738,Thursday,7
1512,323,75312,50738,Thursday,7
1513,323,75312,50738,Thursday,7
1514,323,75312,50738,Thursday,7
1515,323,75312,50738,Tuesday,11
1516,323,75312,50738,Tuesday,11
1517,323,75312,50738,Tuesday,11
1518,323,75312,50738,Tuesday,11
1519,323,75312,50738,Tuesday,11
1520,323,75312,50738,Tuesday,11
1521,323,75312,50738,Tuesday,11
1522,323,75312,50738,Tuesday,11
1523,323,75312,50738,Tuesday,11
1524,323,75312,50738,Tuesday,11
1525,323,75312,50738,Tuesday,11
1526,323,75312,50738,Wednesday,6
1527,323,75312,50738,Wednesday,6
1528,323,75312,50738,Wednesday,6
1529,323,75312,50738,Wednesday,6
1530,323,75312,50738,Wednesday,6
1531,323,75312,50738,Wednesday,6
1532,323,75312,50743,Friday,2
1533,323,75312,50743,Friday,2
1534,323,75312,50745,Saturday,3
1535,323,75312,50745,Saturday,3
1536,323,75312,50745,Saturday,3
1537,323,75312,51147,Saturday,2
1538,323,75312,51147,Saturday,2
1539,323,75312,51147,Tuesday,2
1540,323,75312,51147,Tuesday,2
1541,323,75312,51147,Wednesday,2
1542,323,75312,51147,Wednesday,2
1543,323,75312,51558,Tuesday,2
1544,323,75312,51558,Tuesday,2
1545,323,75312,51968,Monday,2
1546,323,75312,51968,Monday,2
1547,323,75736,50738,Friday,2
1548,323,75736,50738,Friday,2
1549,323,75736,50738,Monday,4
1550,323,75736,50738,Monday,4
1551,323,75736,50738,Monday,4
1552,323,75736,50738,Monday,4
1553,323,75736,50738,Thursday,3
1554,323,75736,50738,Thursday,3
1555,323,75736,50738,Thursday,3
1556,340,20542,26204,Tuesday,3
1557,340,20542,26204,Tuesday,3
1558,340,20542,26204,Tuesday,3
1559,340,20542,29711,Monday,2
1560,340,20542,29711,Monday,2
1561,340,21627,39323,Tuesday,2
1562,340,21627,39323,Tuesday,2
1563,340,21628,39319,Thursday,2
1564,340,21628,39319,Thursday,2
1565,340,21628,39319,Wednesday,3
1566,340,21628,39319,Wednesday,3
1567,340,21628,39319,Wednesday,3
1568,340,21628,39323,Monday,4
1569,340,21628,39323,Monday,4
1570,340,21628,39323,Monday,4
1571,340,21628,39323,Monday,4
1572,340,21628,39323,Saturday,6
1573,340,21628,39323,Saturday,6
1574,340,21628,39323,Saturday,6
1575,340,21628,39323,Saturday,6
1576,340,21628,39323,Saturday,6
1577,340,21628,39323,Saturday,6
1578,340,21628,39323,Thursday,3
1579,340,21628,39323,Thursday,3
1580,340,21628,39323,Thursday,3
1581,340,21628,39323,Tuesday,9
1582,340,21628,39323,Tuesday,9
1583,340,21628,39323,Tuesday,9
1584,340,21628,39323,Tuesday,9
1585,340,21628,39323,Tuesday,9
1586,340,21628,39323,Tuesday,9
1587,340,21628,39323,Tuesday,9
1588,340,21628,39323,Tuesday,9
1589,340,21628,39323,Tuesday,9
1590,340,21628,39323,Wednesday,5
1591,340,21628,39323,Wednesday,5
1592,340,21628,39323,Wednesday,5
1593,340,21628,39323,Wednesday,5
1594,340,21628,39323,Wednesday,5
1595,340,21628,41349,Monday,2
1596,340,21628,41349,Monday,2
1597,340,21628,41349,Thursday,2
1598,340,21628,41349,Thursday,2
1599,340,21628,41755,Friday,2
1600,340,21628,41755,Friday,2
1601,340,21628,42973,Tuesday,2
1602,340,21628,42973,Tuesday,2
1603,340,26204,20542,Tuesday,2
1604,340,26204,20542,Tuesday,2
1605,340,29701,21628,Friday,5
1606,340,29701,21628,Friday,5
1607,340,29701,21628,Friday,5
1608,340,29701,21628,Friday,5
1609,340,29701,21628,Friday,5
1610,340,29701,21628,Monday,3
1611,340,29701,21628,Monday,3
1612,340,29701,21628,Monday,3
1613,340,29701,21628,Thursday,2
1614,340,29701,21628,Thursday,2
1615,340,29701,21628,Tuesday,4
1616,340,29701,21628,Tuesday,4
1617,340,29701,21628,Tuesday,4
1618,340,29701,21628,Tuesday,4
1619,340,37298,21628,Thursday,2
1620,340,37298,21628,Thursday,2
1621,340,37298,22001,Wednesday,2
1622,340,37298,22001,Wednesday,2
1623,340,38105,21628,Friday,2
1624,340,38105,21628,Friday,2
1625,340,38105,21628,Thursday,2
1626,340,38105,21628,Thursday,2
1627,340,39319,21628,Saturday,2
1628,340,39319,21628,Saturday,2
1629,340,39319,21628,Wednesday,2
1630,340,39319,21628,Wednesday,2
1631,340,39320,21628,Wednesday,2
1632,340,39320,21628,Wednesday,2
1633,340,41347,21628,Tuesday,2
1634,340,41347,21628,Tuesday,2
1635,340,41753,21628,Friday,2
1636,340,41753,21628,Friday,2
1637,340,42530,21628,Monday,2
1638,340,42530,21628,Monday,2
1639,340,56959,21628,Monday,2
1640,340,56959,21628,Monday,2
1641,340,61891,21628,Friday,2
1642,340,61891,21628,Friday,2
1643,340,61891,22001,Thursday,2
1644,340,61891,22001,Thursday,2
1645,340,78321,21628,Monday,2
1646,340,78321,21628,Monday,2
1722,366,20542,74124,Thursday,2
1723,366,20542,74124,Thursday,2
1724,366,48208,73701,Thursday,2
1725,366,48208,73701,Thursday,2
1726,366,69901,51574,Friday,2
1727,366,69901,51574,Friday,2
1728,366,69901,64044,Thursday,3
1729,366,69901,64044,Thursday,3
1730,366,69901,64044,Thursday,3
1731,366,73701,48209,Thursday,2
1732,366,73701,48209,Thursday,2
1733,366,73701,78354,Thursday,2
1734,366,73701,78354,Thursday,2
1735,366,73701,78354,Tuesday,6
1736,366,73701,78354,Tuesday,6
1737,366,73701,78354,Tuesday,6
1738,366,73701,78354,Tuesday,6
1739,366,73701,78354,Tuesday,6
1740,366,73701,78354,Tuesday,6
1741,366,73701,78354,Wednesday,4
1742,366,73701,78354,Wednesday,4
1743,366,73701,78354,Wednesday,4
1744,366,73701,78354,Wednesday,4
1745,366,74548,78354,Wednesday,2
1746,366,74548,78354,Wednesday,2
1747,366,76227,72432,Tuesday,2
1748,366,76227,72432,Tuesday,2
1749,366,76705,73701,Tuesday,2
1750,366,76705,73701,Tuesday,2
1751,366,78322,72855,Wednesday,2
1752,366,78322,72855,Wednesday,2
1753,366,78354,73701,Tuesday,4
1754,366,78354,73701,Tuesday,4
1755,366,78354,73701,Tuesday,4
1756,366,78354,73701,Tuesday,4
1757,366,78354,73701,Wednesday,11
1758,366,78354,73701,Wednesday,11
1759,366,78354,73701,Wednesday,11
1760,366,78354,73701,Wednesday,11
1761,366,78354,73701,Wednesday,11
1762,366,78354,73701,Wednesday,11
1763,366,78354,73701,Wednesday,11
1764,366,78354,73701,Wednesday,11
1765,366,78354,73701,Wednesday,11
1766,366,78354,73701,Wednesday,11
1767,366,78354,73701,Wednesday,11
1768,366,78354,74124,Thursday,2
1769,366,78354,74124,Thursday,2
1770,366,78354,74155,Wednesday,2
1771,366,78354,74155,Wednesday,2
1801,371,51163,78354,Monday,2
1802,371,51163,78354,Monday,2
1803,371,51163,78354,Saturday,3
1804,371,51163,78354,Saturday,3
1805,371,51163,78354,Saturday,3
1806,371,51163,78354,Sunday,2
1807,371,51163,78354,Sunday,2
1808,371,51163,78354,Tuesday,2
1809,371,51163,78354,Tuesday,2
1810,371,57358,78354,Monday,2
1811,371,57358,78354,Monday,2
1812,371,57358,78354,Wednesday,2
1813,371,57358,78354,Wednesday,2
1814,371,61891,78354,Friday,2
1815,371,61891,78354,Friday,2
1816,371,64044,78354,Saturday,2
1817,371,64044,78354,Saturday,2
1818,371,75363,50746,Friday,2
1819,371,75363,50746,Friday,2
1820,371,75363,51972,Thursday,5
1821,371,75363,51972,Thursday,5
1822,371,75363,51972,Thursday,5
1823,371,75363,51972,Thursday,5
1824,371,75363,51972,Thursday,5
1825,371,75363,51972,Wednesday,2
1826,371,75363,51972,Wednesday,2
1827,371,75363,51978,Wednesday,2
1828,371,75363,51978,Wednesday,2
1829,371,75363,78354,Saturday,2
1830,371,75363,78354,Saturday,2
1831,371,75364,50739,Wednesday,2
1832,371,75364,50739,Wednesday,2
1833,371,75364,50746,Friday,3
1834,371,75364,50746,Friday,3
1835,371,75364,50746,Friday,3
1836,371,75364,50746,Tuesday,2
1837,371,75364,50746,Tuesday,2
1838,371,75364,51972,Saturday,4
1839,371,75364,51972,Saturday,4
1840,371,75364,51972,Saturday,4
1841,371,75364,51972,Saturday,4
1842,371,75364,51972,Sunday,3
1843,371,75364,51972,Sunday,3
1844,371,75364,51972,Sunday,3
1845,371,75364,51972,Thursday,3
1846,371,75364,51972,Thursday,3
1847,371,75364,51972,Thursday,3
1848,371,75364,51972,Tuesday,2
1849,371,75364,51972,Tuesday,2
1850,371,75364,51972,Wednesday,4
1851,371,75364,51972,Wednesday,4
1852,371,75364,51972,Wednesday,4
1853,371,75364,51972,Wednesday,4
1854,371,75364,51978,Wednesday,2
1855,371,75364,51978,Wednesday,2
1856,371,76227,78354,Friday,2
1857,371,76227,78354,Friday,2
1858,371,78322,62308,Wednesday,2
1859,371,78322,62308,Wednesday,2
1860,371,78354,44197,Thursday,2
1861,371,78354,44197,Thursday,2
1862,371,78354,45012,Saturday,2
1863,371,78354,45012,Saturday,2
1864,371,78354,49924,Friday,2
1865,371,78354,49924,Friday,2
1866,371,78354,50746,Tuesday,3
1867,371,78354,50746,Tuesday,3
1868,371,78354,50746,Tuesday,3
1869,371,78354,51574,Friday,3
1870,371,78354,51574,Friday,3
1871,371,78354,51574,Friday,3
1872,371,78354,51574,Tuesday,2
1873,371,78354,51574,Tuesday,2
1874,371,78354,62308,Thursday,2
1875,371,78354,62308,Thursday,2
1876,371,78354,64044,Sunday,2
1877,371,78354,64044,Sunday,2
1878,371,78354,64044,Thursday,2
1879,371,78354,64044,Thursday,2
1880,371,78354,64044,Wednesday,2
1881,371,78354,64044,Wednesday,2
1882,371,78354,75364,Saturday,4
1883,371,78354,75364,Saturday,4
1884,371,78354,75364,Saturday,4
1885,371,78354,75364,Saturday,4
1886,371,78354,75364,Wednesday,4
1887,371,78354,75364,Wednesday,4
1888,371,78354,75364,Wednesday,4
1889,371,78354,75364,Wednesday,4
1890,371,78354,77928,Saturday,2
1891,371,78354,77928,Saturday,2
1892,371,78354,78354,Friday,2
1893,371,78354,78354,Friday,2
1894,371,78354,78354,Saturday,2
1895,371,78354,78354,Saturday,2
1896,371,78354,78354,Thursday,3
1897,371,78354,78354,Thursday,3
1898,371,78354,78354,Thursday,3
1899,371,78354,78354,Tuesday,2
1900,371,78354,78354,Tuesday,2
1901,371,78354,78354,Wednesday,4
1902,371,78354,78354,Wednesday,4
1903,371,78354,78354,Wednesday,4
1904,371,78354,78354,Wednesday,4
1992,388,39692,66030,Friday,2
1993,388,39692,66030,Friday,2
1994,388,39692,66030,Thursday,2
1995,388,39692,66030,Thursday,2
1996,388,39692,66030,Wednesday,4
1997,388,39692,66030,Wednesday,4
1998,388,39692,66030,Wednesday,4
1999,388,39692,66030,Wednesday,4
2000,388,39703,43380,Monday,2
2001,388,39703,43380,Monday,2
2002,388,45813,66030,Friday,4
2003,388,45813,66030,Friday,4
2004,388,45813,66030,Friday,4
2005,388,45813,66030,Friday,4
2006,388,45813,66030,Sunday,3
2007,388,45813,66030,Sunday,3
2008,388,45813,66030,Sunday,3
2009,388,45813,66030,Thursday,4
2010,388,45813,66030,Thursday,4
2011,388,45813,66030,Thursday,4
2012,388,45813,66030,Thursday,4
2013,388,45813,66030,Tuesday,8
2014,388,45813,66030,Tuesday,8
2015,388,45813,66030,Tuesday,8
2016,388,45813,66030,Tuesday,8
2017,388,45813,66030,Tuesday,8
2018,388,45813,66030,Tuesday,8
2019,388,45813,66030,Tuesday,8
2020,388,45813,66030,Tuesday,8
2021,388,45813,66030,Wednesday,4
2022,388,45813,66030,Wednesday,4
2023,388,45813,66030,Wednesday,4
2024,388,45813,66030,Wednesday,4
2025,388,48204,66030,Monday,3
2026,388,48204,66030,Monday,3
2027,388,48204,66030,Monday,3
2028,388,48204,66030,Tuesday,2
2029,388,48204,66030,Tuesday,2
2030,388,52334,66030,Thursday,2
2031,388,52334,66030,Thursday,2
2032,388,52334,66030,Wednesday,2
2033,388,52334,66030,Wednesday,2
2034,388,66030,37640,Monday,2
2035,388,66030,37640,Monday,2
2036,388,66030,38478,Wednesday,2
2037,388,66030,38478,Wednesday,2
2038,388,66449,37267,Monday,2
2039,388,66449,37267,Monday,2
2040,388,66449,37267,Saturday,3
2041,388,66449,37267,Saturday,3
2042,388,66449,37267,Saturday,3
2043,388,66449,37267,Sunday,2
2044,388,66449,37267,Sunday,2
2045,388,66449,37267,Thursday,6
2046,388,66449,37267,Thursday,6
2047,388,66449,37267,Thursday,6
2048,388,66449,37267,Thursday,6
2049,388,66449,37267,Thursday,6
2050,388,66449,37267,Thursday,6
2051,388,66449,37267,Tuesday,3
2052,388,66449,37267,Tuesday,3
2053,388,66449,37267,Tuesday,3
2054,388,66449,38478,Monday,2
2055,388,66449,38478,Monday,2
2056,388,66449,38478,Saturday,4
2057,388,66449,38478,Saturday,4
2058,388,66449,38478,Saturday,4
2059,388,66449,38478,Saturday,4
2060,388,66449,38478,Wednesday,3
2061,388,66449,38478,Wednesday,3
2062,388,66449,38478,Wednesday,3
2063,388,66449,38479,Monday,4
2064,388,66449,38479,Monday,4
2065,388,66449,38479,Monday,4
2066,388,66449,38479,Monday,4
2067,388,66449,38479,Sunday,3
2068,388,66449,38479,Sunday,3
2069,388,66449,38479,Sunday,3
2070,388,66449,38479,Wednesday,5
2071,388,66449,38479,Wednesday,5
2072,388,66449,38479,Wednesday,5
2073,388,66449,38479,Wednesday,5
2074,388,66449,38479,Wednesday,5
2075,388,66449,40098,Friday,3
2076,388,66449,40098,Friday,3
2077,388,66449,40098,Friday,3
2078,388,66449,40098,Monday,4
2079,388,66449,40098,Monday,4
2080,388,66449,40098,Monday,4
2081,388,66449,40098,Monday,4
2082,388,66449,40098,Sunday,3
2083,388,66449,40098,Sunday,3
2084,388,66449,40098,Sunday,3
2085,388,66449,40098,Thursday,3
2086,388,66449,40098,Thursday,3
2087,388,66449,40098,Thursday,3
2088,388,66449,40098,Tuesday,2
2089,388,66449,40098,Tuesday,2
2090,388,66449,40098,Wednesday,6
2091,388,66449,40098,Wednesday,6
2092,388,66449,40098,Wednesday,6
2093,388,66449,40098,Wednesday,6
2094,388,66449,40098,Wednesday,6
2095,388,66449,40098,Wednesday,6
2096,388,66449,44596,Monday,2
2097,388,66449,44596,Monday,2
2098,388,66449,45002,Tuesday,4
2099,388,66449,45002,Tuesday,4
2100,388,66449,45002,Tuesday,4
2101,388,66449,45002,Tuesday,4
2102,388,66449,45341,Tuesday,2
2103,388,66449,45341,Tuesday,2
2104,388,66449,45817,Monday,3
2105,388,66449,45817,Monday,3
2106,388,66449,45817,Monday,3
2107,388,66449,45817,Thursday,2
2108,388,66449,45817,Thursday,2
2109,388,66449,45817,Tuesday,3
2110,388,66449,45817,Tuesday,3
2111,388,66449,45817,Tuesday,3
2112,388,66449,48226,Monday,2
2113,388,66449,48226,Monday,2
2114,388,66449,50278,Friday,2
2115,388,66449,50278,Friday,2
2116,388,66449,66047,Tuesday,2
2117,388,66449,66047,Tuesday,2
2118,388,66449,75312,Monday,2
2119,388,66449,75312,Monday,2
2120,388,66449,75312,Thursday,2
2121,388,66449,75312,Thursday,2
2122,388,66449,75312,Tuesday,4
2123,388,66449,75312,Tuesday,4
2124,388,66449,75312,Tuesday,4
2125,388,66449,75312,Tuesday,4
2126,388,66449,75312,Wednesday,2
2127,388,66449,75312,Wednesday,2
2128,388,66449,75313,Monday,2
2129,388,66449,75313,Monday,2
2130,388,75312,66449,Monday,2
2131,388,75312,66449,Monday,2
2132,388,75312,66449,Tuesday,3
2133,388,75312,66449,Tuesday,3
2134,388,75312,66449,Tuesday,3
2135,388,75312,66449,Wednesday,2
2136,388,75312,66449,Wednesday,2
2137,388,75736,66449,Wednesday,2
2138,388,75736,66449,Wednesday,2
2141,450,29719,74563,Monday,2
2142,450,29719,74563,Monday,2
2143,450,64044,74563,Monday,2
2144,450,64044,74563,Monday,2
2145,450,64044,74563,Tuesday,2
2146,450,64044,74563,Tuesday,2
2147,450,64462,74563,Monday,2
2148,450,64462,74563,Monday,2
2149,450,66520,74563,Monday,2
2150,450,66520,74563,Monday,2
2151,450,66520,74563,Sunday,2
2152,450,66520,74563,Sunday,2
2153,450,66520,74563,Wednesday,2
2154,450,66520,74563,Wednesday,2
2155,450,69852,77895,Saturday,2
2156,450,69852,77895,Saturday,2
2157,450,72018,74563,Saturday,2
2158,450,72018,74563,Saturday,2
2159,450,74155,74563,Monday,2
2160,450,74155,74563,Monday,2
2161,450,74155,74563,Saturday,2
2162,450,74155,74563,Saturday,2
2163,450,74155,74563,Sunday,4
2164,450,74155,74563,Sunday,4
2165,450,74155,74563,Sunday,4
2166,450,74155,74563,Sunday,4
2167,450,74155,74563,Wednesday,2
2168,450,74155,74563,Wednesday,2
2169,450,74155,74564,Thursday,2
2170,450,74155,74564,Thursday,2
2171,450,74155,74987,Saturday,3
2172,450,74155,74987,Saturday,3
2173,450,74155,74987,Saturday,3
2174,450,74155,74987,Sunday,2
2175,450,74155,74987,Sunday,2
2176,450,74155,74988,Friday,2
2177,450,74155,74988,Friday,2
2178,450,74551,74563,Saturday,2
2179,450,74551,74563,Saturday,2
2180,450,74551,74563,Tuesday,3
2181,450,74551,74563,Tuesday,3
2182,450,74551,74563,Tuesday,3
2183,450,74555,74563,Friday,2
2184,450,74555,74563,Friday,2
2185,450,74555,74563,Monday,2
2186,450,74555,74563,Monday,2
2187,450,74556,74563,Monday,4
2188,450,74556,74563,Monday,4
2189,450,74556,74563,Monday,4
2190,450,74556,74563,Monday,4
2191,450,74556,74563,Saturday,2
2192,450,74556,74563,Saturday,2
2193,450,74556,74563,Sunday,2
2194,450,74556,74563,Sunday,2
2195,450,74556,74563,Thursday,2
2196,450,74556,74563,Thursday,2
2197,450,74556,74987,Saturday,2
2198,450,74556,74987,Saturday,2
2199,450,74987,64463,Monday,2
2200,450,74987,64463,Monday,2
2201,450,74987,65273,Monday,2
2202,450,74987,65273,Monday,2
2203,450,74987,74987,Friday,18
2204,450,74987,74987,Friday,18
2205,450,74987,74987,Friday,18
2206,450,74987,74987,Friday,18
2207,450,74987,74987,Friday,18
2208,450,74987,74987,Friday,18
2209,450,74987,74987,Friday,18
2210,450,74987,74987,Friday,18
2211,450,74987,74987,Friday,18
2212,450,74987,74987,Friday,18
2213,450,74987,74987,Friday,18
2214,450,74987,74987,Friday,18
2215,450,74987,74987,Friday,18
2216,450,74987,74987,Friday,18
2217,450,74987,74987,Friday,18
2218,450,74987,74987,Friday,18
2219,450,74987,74987,Friday,18
2220,450,74987,74987,Friday,18
2221,450,74987,74987,Monday,14
2222,450,74987,74987,Monday,14
2223,450,74987,74987,Monday,14
2224,450,74987,74987,Monday,14
2225,450,74987,74987,Monday,14
2226,450,74987,74987,Monday,14
2227,450,74987,74987,Monday,14
2228,450,74987,74987,Monday,14
2229,450,74987,74987,Monday,14
2230,450,74987,74987,Monday,14
2231,450,74987,74987,Monday,14
2232,450,74987,74987,Monday,14
2233,450,74987,74987,Monday,14
2234,450,74987,74987,Monday,14
2235,450,74987,74987,Saturday,10
2236,450,74987,74987,Saturday,10
2237,450,74987,74987,Saturday,10
2238,450,74987,74987,Saturday,10
2239,450,74987,74987,Saturday,10
2240,450,74987,74987,Saturday,10
2241,450,74987,74987,Saturday,10
2242,450,74987,74987,Saturday,10
2243,450,74987,74987,Saturday,10
2244,450,74987,74987,Saturday,10
2245,450,74987,74987,Sunday,22
2246,450,74987,74987,Sunday,22
2247,450,74987,74987,Sunday,22
2248,450,74987,74987,Sunday,22
2249,450,74987,74987,Sunday,22
2250,450,74987,74987,Sunday,22
2251,450,74987,74987,Sunday,22
2252,450,74987,74987,Sunday,22
2253,450,74987,74987,Sunday,22
2254,450,74987,74987,Sunday,22
2255,450,74987,74987,Sunday,22
2256,450,74987,74987,Sunday,22
2257,450,74987,74987,Sunday,22
2258,450,74987,74987,Sunday,22
2259,450,74987,74987,Sunday,22
2260,450,74987,74987,Sunday,22
2261,450,74987,74987,Sunday,22
2262,450,74987,74987,Sunday,22
2263,450,74987,74987,Sunday,22
2264,450,74987,74987,Sunday,22
2265,450,74987,74987,Sunday,22
2266,450,74987,74987,Sunday,22
2267,450,74987,74987,Thursday,9
2268,450,74987,74987,Thursday,9
2269,450,74987,74987,Thursday,9
2270,450,74987,74987,Thursday,9
2271,450,74987,74987,Thursday,9
2272,450,74987,74987,Thursday,9
2273,450,74987,74987,Thursday,9
2274,450,74987,74987,Thursday,9
2275,450,74987,74987,Thursday,9
2276,450,74987,74987,Tuesday,4
2277,450,74987,74987,Tuesday,4
2278,450,74987,74987,Tuesday,4
2279,450,74987,74987,Tuesday,4
2280,450,74987,74987,Wednesday,9
2281,450,74987,74987,Wednesday,9
2282,450,74987,74987,Wednesday,9
2283,450,74987,74987,Wednesday,9
2284,450,74987,74987,Wednesday,9
2285,450,74987,74987,Wednesday,9
2286,450,74987,74987,Wednesday,9
2287,450,74987,74987,Wednesday,9
2288,450,74987,74987,Wednesday,9
2289,450,74988,74987,Monday,2
2290,450,74988,74987,Monday,2
2291,450,74988,74987,Wednesday,2
2292,450,74988,74987,Wednesday,2
2293,450,75436,74988,Monday,2
2294,450,75436,74988,Monday,2
2295,452,48226,58954,Saturday,4
2296,452,48226,58954,Saturday,4
2297,452,48226,58954,Saturday,4
2298,452,48226,58954,Saturday,4
2299,452,61053,64032,Friday,2
2300,452,61053,64032,Friday,2
2301,452,61053,64032,Thursday,2
2302,452,61053,64032,Thursday,2
2303,452,61053,64033,Friday,6
2304,452,61053,64033,Friday,6
2305,452,61053,64033,Friday,6
2306,452,61053,64033,Friday,6
2307,452,61053,64033,Friday,6
2308,452,61053,64033,Friday,6
2309,452,61053,64033,Saturday,2
2310,452,61053,64033,Saturday,2
2311,452,61053,64033,Sunday,4
2312,452,61053,64033,Sunday,4
2313,452,61053,64033,Sunday,4
2314,452,61053,64033,Sunday,4
2315,452,61053,64033,Thursday,4
2316,452,61053,64033,Thursday,4
2317,452,61053,64033,Thursday,4
2318,452,61053,64033,Thursday,4
2319,452,61053,64033,Wednesday,4
2320,452,61053,64033,Wednesday,4
2321,452,61053,64033,Wednesday,4
2322,452,61053,64033,Wednesday,4
2323,452,61054,64033,Saturday,2
2324,452,61054,64033,Saturday,2
2325,452,61891,64033,Friday,3
2326,452,61891,64033,Friday,3
2327,452,61891,64033,Friday,3
2328,452,64033,59799,Friday,2
2329,452,64033,59799,Friday,2
2330,452,66071,64033,Friday,6
2331,452,66071,64033,Friday,6
2332,452,66071,64033,Friday,6
2333,452,66071,64033,Friday,6
2334,452,66071,64033,Friday,6
2335,452,66071,64033,Friday,6
2336,452,66071,64033,Thursday,4
2337,452,66071,64033,Thursday,4
2338,452,66071,64033,Thursday,4
2339,452,66071,64033,Thursday,4
2340,452,66071,64033,Wednesday,3
2341,452,66071,64033,Wednesday,3
2342,452,66071,64033,Wednesday,3
2343,452,68170,64033,Friday,3
2344,452,68170,64033,Friday,3
2345,452,68170,64033,Friday,3
2346,457,64044,66449,Thursday,2
2347,457,64044,66449,Thursday,2
2348,457,64044,66449,Wednesday,2
2349,457,64044,66449,Wednesday,2
2350,457,64044,66450,Thursday,3
2351,457,64044,66450,Thursday,3
2352,457,64044,66450,Thursday,3
2353,457,66448,66448,Sunday,2
2354,457,66448,66448,Sunday,2
2355,457,66448,66448,Wednesday,2
2356,457,66448,66448,Wednesday,2
2357,457,66448,66449,Thursday,2
2358,457,66448,66449,Thursday,2
2359,457,66448,75312,Saturday,2
2360,457,66448,75312,Saturday,2
2361,457,66449,59370,Friday,8
2362,457,66449,59370,Friday,8
2363,457,66449,59370,Friday,8
2364,457,66449,59370,Friday,8
2365,457,66449,59370,Friday,8
2366,457,66449,59370,Friday,8
2367,457,66449,59370,Friday,8
2368,457,66449,59370,Friday,8
2369,457,66449,59370,Saturday,2
2370,457,66449,59370,Saturday,2
2371,457,66449,59370,Thursday,2
2372,457,66449,59370,Thursday,2
2373,457,66449,59370,Tuesday,5
2374,457,66449,59370,Tuesday,5
2375,457,66449,59370,Tuesday,5
2376,457,66449,59370,Tuesday,5
2377,457,66449,59370,Tuesday,5
2378,457,66449,59371,Saturday,2
2379,457,66449,59371,Saturday,2
2380,457,66449,59786,Friday,2
2381,457,66449,59786,Friday,2
2382,457,66449,64463,Thursday,2
2383,457,66449,64463,Thursday,2
2384,457,66449,64463,Wednesday,2
2385,457,66449,64463,Wednesday,2
2386,457,66449,75312,Friday,7
2387,457,66449,75312,Friday,7
2388,457,66449,75312,Friday,7
2389,457,66449,75312,Friday,7
2390,457,66449,75312,Friday,7
2391,457,66449,75312,Friday,7
2392,457,66449,75312,Friday,7
2393,457,66449,75312,Saturday,6
2394,457,66449,75312,Saturday,6
2395,457,66449,75312,Saturday,6
2396,457,66449,75312,Saturday,6
2397,457,66449,75312,Saturday,6
2398,457,66449,75312,Saturday,6
2399,457,66449,75312,Tuesday,5
2400,457,66449,75312,Tuesday,5
2401,457,66449,75312,Tuesday,5
2402,457,66449,75312,Tuesday,5
2403,457,66449,75312,Tuesday,5
2404,457,66449,75312,Wednesday,5
2405,457,66449,75312,Wednesday,5
2406,457,66449,75312,Wednesday,5
2407,457,66449,75312,Wednesday,5
2408,457,66449,75312,Wednesday,5
2409,457,66449,75313,Saturday,2
2410,457,66449,75313,Saturday,2
2411,457,66449,75866,Monday,2
2412,457,66449,75866,Monday,2
2413,457,66449,77895,Tuesday,2
2414,457,66449,77895,Tuesday,2
2415,457,75312,66449,Friday,6
2416,457,75312,66449,Friday,6
2417,457,75312,66449,Friday,6
2418,457,75312,66449,Friday,6
2419,457,75312,66449,Friday,6
2420,457,75312,66449,Friday,6
2421,457,75312,66449,Saturday,6
2422,457,75312,66449,Saturday,6
2423,457,75312,66449,Saturday,6
2424,457,75312,66449,Saturday,6
2425,457,75312,66449,Saturday,6
2426,457,75312,66449,Saturday,6
2427,457,75312,66449,Thursday,2
2428,457,75312,66449,Thursday,2
2429,457,75313,66449,Friday,3
2430,457,75313,66449,Friday,3
2431,457,75313,66449,Friday,3
2432,457,75736,66449,Tuesday,2
2433,457,75736,66449,Tuesday,2
2709,521,20542,21934,Sunday,2
2710,521,20542,21934,Sunday,2
2711,521,42530,30423,Saturday,2
2712,521,42530,30423,Saturday,2
2713,521,48204,47040,Monday,7
2714,521,48204,47040,Monday,7
2715,521,48204,47040,Monday,7
2716,521,48204,47040,Monday,7
2717,521,48204,47040,Monday,7
2718,521,48204,47040,Monday,7
2719,521,48204,47040,Monday,7
2720,521,48204,47040,Saturday,9
2721,521,48204,47040,Saturday,9
2722,521,48204,47040,Saturday,9
2723,521,48204,47040,Saturday,9
2724,521,48204,47040,Saturday,9
2725,521,48204,47040,Saturday,9
2726,521,48204,47040,Saturday,9
2727,521,48204,47040,Saturday,9
2728,521,48204,47040,Saturday,9
2729,521,48204,47040,Sunday,15
2730,521,48204,47040,Sunday,15
2731,521,48204,47040,Sunday,15
2732,521,48204,47040,Sunday,15
2733,521,48204,47040,Sunday,15
2734,521,48204,47040,Sunday,15
2735,521,48204,47040,Sunday,15
2736,521,48204,47040,Sunday,15
2737,521,48204,47040,Sunday,15
2738,521,48204,47040,Sunday,15
2739,521,48204,47040,Sunday,15
2740,521,48204,47040,Sunday,15
2741,521,48204,47040,Sunday,15
2742,521,48204,47040,Sunday,15
2743,521,48204,47040,Sunday,15
2744,521,48204,47447,Saturday,3
2745,521,48204,47447,Saturday,3
2746,521,48204,47447,Saturday,3
2747,521,48204,47447,Sunday,2
2748,521,48204,47447,Sunday,2
2749,521,48204,47448,Monday,2
2750,521,48204,47448,Monday,2
2751,521,48204,47448,Saturday,2
2752,521,48204,47448,Saturday,2
2753,521,48204,47449,Monday,2
2754,521,48204,47449,Monday,2
2755,521,48204,47449,Sunday,4
2756,521,48204,47449,Sunday,4
2757,521,48204,47449,Sunday,4
2758,521,48204,47449,Sunday,4
2759,521,66449,64033,Sunday,2
2760,521,66449,64033,Sunday,2
2825,531,31284,42174,Saturday,2
2826,531,31284,42174,Saturday,2
2827,531,31691,39346,Thursday,3
2828,531,31691,39346,Thursday,3
2829,531,31691,39346,Thursday,3
2830,531,31691,42174,Friday,2
2831,531,31691,42174,Friday,2
2832,531,39325,39300,Saturday,2
2833,531,39325,39300,Saturday,2
2834,531,42174,50277,Saturday,2
2835,531,42174,50277,Saturday,2
2836,531,42174,52334,Monday,2
2837,531,42174,52334,Monday,2
2838,531,42174,52334,Wednesday,2
2839,531,42174,52334,Wednesday,2
2840,531,42174,61891,Sunday,2
2841,531,42174,61891,Sunday,2
2842,531,42970,52334,Friday,2
2843,531,42970,52334,Friday,2
2844,531,42978,50278,Wednesday,2
2845,531,42978,50278,Wednesday,2
2846,531,43377,42174,Tuesday,2
2847,531,43377,42174,Tuesday,2
2848,531,43380,42174,Tuesday,3
2849,531,43380,42174,Tuesday,3
2850,531,43380,42174,Tuesday,3
2851,531,43383,42174,Friday,3
2852,531,43383,42174,Friday,3
2853,531,43383,42174,Friday,3
2854,531,43792,61891,Wednesday,2
2855,531,43792,61891,Wednesday,2
2856,531,43801,61891,Thursday,2
2857,531,43801,61891,Thursday,2
2858,531,45011,61474,Saturday,2
2859,531,45011,61474,Saturday,2
2860,531,45011,61891,Saturday,2
2861,531,45011,61891,Saturday,2
2862,531,46180,43384,Saturday,2
2863,531,46180,43384,Saturday,2
2864,531,48214,42174,Sunday,2
2865,531,48214,42174,Sunday,2
2866,531,48218,42174,Friday,2
2867,531,48218,42174,Friday,2
2868,531,48218,42174,Saturday,2
2869,531,48218,42174,Saturday,2
2870,531,48226,42174,Friday,2
2871,531,48226,42174,Friday,2
2872,531,48226,42174,Saturday,2
2873,531,48226,42174,Saturday,2
2874,531,56904,42174,Wednesday,2
2875,531,56904,42174,Wednesday,2
2876,531,61891,42173,Sunday,2
2877,531,61891,42173,Sunday,2
2878,531,61891,42174,Friday,6
2879,531,61891,42174,Friday,6
2880,531,61891,42174,Friday,6
2881,531,61891,42174,Friday,6
2882,531,61891,42174,Friday,6
2883,531,61891,42174,Friday,6
2884,531,61891,42174,Monday,2
2885,531,61891,42174,Monday,2
2886,531,61891,42174,Thursday,4
2887,531,61891,42174,Thursday,4
2888,531,61891,42174,Thursday,4
2889,531,61891,42174,Thursday,4
2890,531,61891,42174,Tuesday,3
2891,531,61891,42174,Tuesday,3
2892,531,61891,42174,Tuesday,3
2893,531,61891,42174,Wednesday,5
2894,531,61891,42174,Wednesday,5
2895,531,61891,42174,Wednesday,5
2896,531,61891,42174,Wednesday,5
2897,531,61891,42174,Wednesday,5
2898,531,66059,54375,Monday,2
2899,531,66059,54375,Monday,2
3005,560,43381,78354,Wednesday,2
3006,560,43381,78354,Wednesday,2
3007,560,45009,78354,Wednesday,2
3008,560,45009,78354,Wednesday,2
3009,560,45822,78354,Friday,2
3010,560,45822,78354,Friday,2
3011,560,45825,78354,Tuesday,3
3012,560,45825,78354,Tuesday,3
3013,560,45825,78354,Tuesday,3
3014,560,45826,77928,Sunday,2
3015,560,45826,77928,Sunday,2
3016,560,78321,78354,Saturday,2
3017,560,78321,78354,Saturday,2
3018,560,78354,44602,Sunday,3
3019,560,78354,44602,Sunday,3
3020,560,78354,44602,Sunday,3
3021,560,78354,44603,Saturday,2
3022,560,78354,44603,Saturday,2
3023,560,78354,45009,Wednesday,2
3024,560,78354,45009,Wednesday,2
3025,560,78354,45010,Friday,3
3026,560,78354,45010,Friday,3
3027,560,78354,45010,Friday,3
3028,560,78354,45010,Tuesday,3
3029,560,78354,45010,Tuesday,3
3030,560,78354,45010,Tuesday,3
3031,560,78354,45010,Wednesday,2
3032,560,78354,45010,Wednesday,2
3033,560,78354,45012,Monday,2
3034,560,78354,45012,Monday,2
3035,560,78354,45012,Thursday,2
3036,560,78354,45012,Thursday,2
3037,560,78354,45012,Wednesday,2
3038,560,78354,45012,Wednesday,2
3039,560,78354,45013,Saturday,4
3040,560,78354,45013,Saturday,4
3041,560,78354,45013,Saturday,4
3042,560,78354,45013,Saturday,4
3043,560,78354,45013,Sunday,3
3044,560,78354,45013,Sunday,3
3045,560,78354,45013,Sunday,3
3046,560,78354,45422,Friday,2
3047,560,78354,45422,Friday,2
3048,560,78354,45422,Saturday,2
3049,560,78354,45422,Saturday,2
3050,560,78354,46236,Sunday,3
3051,560,78354,46236,Sunday,3
3052,560,78354,46236,Sunday,3
3053,560,78354,47462,Tuesday,2
3054,560,78354,47462,Tuesday,2
3055,560,78354,47466,Friday,4
3056,560,78354,47466,Friday,4
3057,560,78354,47466,Friday,4
3058,560,78354,47466,Friday,4
3059,560,78354,47466,Monday,2
3060,560,78354,47466,Monday,2
3061,560,78354,47466,Saturday,2
3062,560,78354,47466,Saturday,2
3063,560,78354,47466,Sunday,2
3064,560,78354,47466,Sunday,2
3065,560,78354,47466,Tuesday,2
3066,560,78354,47466,Tuesday,2
3067,560,78354,47466,Wednesday,2
3068,560,78354,47466,Wednesday,2
3069,560,78354,66940,Tuesday,2
3070,560,78354,66940,Tuesday,2
3071,560,78354,75312,Wednesday,2
3072,560,78354,75312,Wednesday,2
3073,560,78354,77480,Friday,2
3074,560,78354,77480,Friday,2
3075,560,78354,77480,Saturday,2
3076,560,78354,77480,Saturday,2
3077,560,78354,77896,Friday,2
3078,560,78354,77896,Friday,2
3079,560,78354,77896,Thursday,2
3080,560,78354,77896,Thursday,2
3081,560,78354,77928,Friday,2
3082,560,78354,77928,Friday,2
3083,560,78354,77928,Monday,4
3084,560,78354,77928,Monday,4
3085,560,78354,77928,Monday,4
3086,560,78354,77928,Monday,4
3087,560,78354,77928,Saturday,5
3088,560,78354,77928,Saturday,5
3089,560,78354,77928,Saturday,5
3090,560,78354,77928,Saturday,5
3091,560,78354,77928,Saturday,5
3092,560,78354,77928,Sunday,7
3093,560,78354,77928,Sunday,7
3094,560,78354,77928,Sunday,7
3095,560,78354,77928,Sunday,7
3096,560,78354,77928,Sunday,7
3097,560,78354,77928,Sunday,7
3098,560,78354,77928,Sunday,7
3099,560,78354,77928,Thursday,7
3100,560,78354,77928,Thursday,7
3101,560,78354,77928,Thursday,7
3102,560,78354,77928,Thursday,7
3103,560,78354,77928,Thursday,7
3104,560,78354,77928,Thursday,7
3105,560,78354,77928,Thursday,7
3106,560,78354,77928,Tuesday,6
3107,560,78354,77928,Tuesday,6
3108,560,78354,77928,Tuesday,6
3109,560,78354,77928,Tuesday,6
3110,560,78354,77928,Tuesday,6
3111,560,78354,77928,Tuesday,6
3112,560,78354,77928,Wednesday,3
3113,560,78354,77928,Wednesday,3
3114,560,78354,77928,Wednesday,3
3115,560,78354,78321,Thursday,2
3116,560,78354,78321,Thursday,2
3117,560,78354,78354,Friday,11
3118,560,78354,78354,Friday,11
3119,560,78354,78354,Friday,11
3120,560,78354,78354,Friday,11
3121,560,78354,78354,Friday,11
3122,560,78354,78354,Friday,11
3123,560,78354,78354,Friday,11
3124,560,78354,78354,Friday,11
3125,560,78354,78354,Friday,11
3126,560,78354,78354,Friday,11
3127,560,78354,78354,Friday,11
3128,560,78354,78354,Monday,14
3129,560,78354,78354,Monday,14
3130,560,78354,78354,Monday,14
3131,560,78354,78354,Monday,14
3132,560,78354,78354,Monday,14
3133,560,78354,78354,Monday,14
3134,560,78354,78354,Monday,14
3135,560,78354,78354,Monday,14
3136,560,78354,78354,Monday,14
3137,560,78354,78354,Monday,14
3138,560,78354,78354,Monday,14
3139,560,78354,78354,Monday,14
3140,560,78354,78354,Monday,14
3141,560,78354,78354,Monday,14
3142,560,78354,78354,Saturday,10
3143,560,78354,78354,Saturday,10
3144,560,78354,78354,Saturday,10
3145,560,78354,78354,Saturday,10
3146,560,78354,78354,Saturday,10
3147,560,78354,78354,Saturday,10
3148,560,78354,78354,Saturday,10
3149,560,78354,78354,Saturday,10
3150,560,78354,78354,Saturday,10
3151,560,78354,78354,Saturday,10
3152,560,78354,78354,Sunday,12
3153,560,78354,78354,Sunday,12
3154,560,78354,78354,Sunday,12
3155,560,78354,78354,Sunday,12
3156,560,78354,78354,Sunday,12
3157,560,78354,78354,Sunday,12
3158,560,78354,78354,Sunday,12
3159,560,78354,78354,Sunday,12
3160,560,78354,78354,Sunday,12
3161,560,78354,78354,Sunday,12
3162,560,78354,78354,Sunday,12
3163,560,78354,78354,Sunday,12
3164,560,78354,78354,Thursday,13
3165,560,78354,78354,Thursday,13
3166,560,78354,78354,Thursday,13
3167,560,78354,78354,Thursday,13
3168,560,78354,78354,Thursday,13
3169,560,78354,78354,Thursday,13
3170,560,78354,78354,Thursday,13
3171,560,78354,78354,Thursday,13
3172,560,78354,78354,Thursday,13
3173,560,78354,78354,Thursday,13
3174,560,78354,78354,Thursday,13
3175,560,78354,78354,Thursday,13
3176,560,78354,78354,Thursday,13
3177,560,78354,78354,Tuesday,11
3178,560,78354,78354,Tuesday,11
3179,560,78354,78354,Tuesday,11
3180,560,78354,78354,Tuesday,11
3181,560,78354,78354,Tuesday,11
3182,560,78354,78354,Tuesday,11
3183,560,78354,78354,Tuesday,11
3184,560,78354,78354,Tuesday,11
3185,560,78354,78354,Tuesday,11
3186,560,78354,78354,Tuesday,11
3187,560,78354,78354,Tuesday,11
3188,560,78354,78354,Wednesday,12
3189,560,78354,78354,Wednesday,12
3190,560,78354,78354,Wednesday,12
3191,560,78354,78354,Wednesday,12
3192,560,78354,78354,Wednesday,12
3193,560,78354,78354,Wednesday,12
3194,560,78354,78354,Wednesday,12
3195,560,78354,78354,Wednesday,12
3196,560,78354,78354,Wednesday,12
3197,560,78354,78354,Wednesday,12
3198,560,78354,78354,Wednesday,12
3199,560,78354,78354,Wednesday,12
3200,561,21933,28551,Saturday,2
3201,561,21933,28551,Saturday,2
3202,561,21933,28551,Sunday,3
3203,561,21933,28551,Sunday,3
3204,561,21933,28551,Sunday,3
3205,561,21933,28552,Monday,2
3206,561,21933,28552,Monday,2
3207,561,21933,29337,Sunday,2
3208,561,21933,29337,Sunday,2
3209,561,29712,48204,Monday,2
3210,561,29712,48204,Monday,2
3211,561,36107,48284,Saturday,2
3212,561,36107,48284,Saturday,2
3213,561,47449,48204,Friday,2
3214,561,47449,48204,Friday,2
3215,561,47449,48204,Sunday,2
3216,561,47449,48204,Sunday,2
3217,561,47449,48205,Wednesday,2
3218,561,47449,48205,Wednesday,2
3219,561,47451,48204,Monday,5
3220,561,47451,48204,Monday,5
3221,561,47451,48204,Monday,5
3222,561,47451,48204,Monday,5
3223,561,47451,48204,Monday,5
3224,561,47451,48204,Saturday,3
3225,561,47451,48204,Saturday,3
3226,561,47451,48204,Saturday,3
3227,561,47451,48204,Tuesday,3
3228,561,47451,48204,Tuesday,3
3229,561,47451,48204,Tuesday,3
3230,561,47451,48205,Monday,2
3231,561,47451,48205,Monday,2
3232,561,47451,48205,Thursday,3
3233,561,47451,48205,Thursday,3
3234,561,47451,48205,Thursday,3
3235,561,47452,48204,Wednesday,3
3236,561,47452,48204,Wednesday,3
3237,561,47452,48204,Wednesday,3
3238,561,47860,48204,Saturday,2
3239,561,47860,48204,Saturday,2
3240,561,47868,48204,Friday,2
3241,561,47868,48204,Friday,2
3242,561,47868,48204,Monday,2
3243,561,47868,48204,Monday,2
3244,561,47868,48204,Saturday,3
3245,561,47868,48204,Saturday,3
3246,561,47868,48204,Saturday,3
3247,561,47868,48204,Thursday,2
3248,561,47868,48204,Thursday,2
3249,561,47868,48204,Tuesday,5
3250,561,47868,48204,Tuesday,5
3251,561,47868,48204,Tuesday,5
3252,561,47868,48204,Tuesday,5
3253,561,47868,48204,Tuesday,5
3254,561,47868,48205,Friday,2
3255,561,47868,48205,Friday,2
3256,561,47868,48205,Wednesday,2
3257,561,47868,48205,Wednesday,2
3258,561,47869,48204,Sunday,2
3259,561,47869,48204,Sunday,2
3260,561,48204,48283,Tuesday,2
3261,561,48204,48283,Tuesday,2
3262,561,48204,48284,Tuesday,3
3263,561,48204,48284,Tuesday,3
3264,561,48204,48284,Tuesday,3
3265,561,48204,49513,Tuesday,2
3266,561,48204,49513,Tuesday,2
3267,561,49097,48204,Wednesday,3
3268,561,49097,48204,Wednesday,3
3269,561,49097,48204,Wednesday,3
3270,561,51972,48204,Tuesday,2
3271,561,51972,48204,Tuesday,2
3272,561,66449,50738,Friday,6
3273,561,66449,50738,Friday,6
3274,561,66449,50738,Friday,6
3275,561,66449,50738,Friday,6
3276,561,66449,50738,Friday,6
3277,561,66449,50738,Friday,6
3278,561,66449,50738,Monday,12
3279,561,66449,50738,Monday,12
3280,561,66449,50738,Monday,12
3281,561,66449,50738,Monday,12
3282,561,66449,50738,Monday,12
3283,561,66449,50738,Monday,12
3284,561,66449,50738,Monday,12
3285,561,66449,50738,Monday,12
3286,561,66449,50738,Monday,12
3287,561,66449,50738,Monday,12
3288,561,66449,50738,Monday,12
3289,561,66449,50738,Monday,12
3290,561,66449,50738,Saturday,7
3291,561,66449,50738,Saturday,7
3292,561,66449,50738,Saturday,7
3293,561,66449,50738,Saturday,7
3294,561,66449,50738,Saturday,7
3295,561,66449,50738,Saturday,7
3296,561,66449,50738,Saturday,7
3297,561,66449,50738,Sunday,2
3298,561,66449,50738,Sunday,2
3299,561,66449,50738,Thursday,5
3300,561,66449,50738,Thursday,5
3301,561,66449,50738,Thursday,5
3302,561,66449,50738,Thursday,5
3303,561,66449,50738,Thursday,5
3304,561,66449,50738,Tuesday,7
3305,561,66449,50738,Tuesday,7
3306,561,66449,50738,Tuesday,7
3307,561,66449,50738,Tuesday,7
3308,561,66449,50738,Tuesday,7
3309,561,66449,50738,Tuesday,7
3310,561,66449,50738,Tuesday,7
3311,561,66449,50738,Wednesday,5
3312,561,66449,50738,Wednesday,5
3313,561,66449,50738,Wednesday,5
3314,561,66449,50738,Wednesday,5
3315,561,66449,50738,Wednesday,5
3316,561,66449,50743,Monday,2
3317,561,66449,50743,Monday,2
3318,561,66449,51147,Friday,3
3319,561,66449,51147,Friday,3
3320,561,66449,51147,Friday,3
3321,561,66449,51147,Thursday,2
3322,561,66449,51147,Thursday,2
3323,561,66449,51147,Wednesday,3
3324,561,66449,51147,Wednesday,3
3325,561,66449,51147,Wednesday,3
3326,561,66449,51558,Friday,2
3327,561,66449,51558,Friday,2
3328,561,66449,51558,Monday,7
3329,561,66449,51558,Monday,7
3330,561,66449,51558,Monday,7
3331,561,66449,51558,Monday,7
3332,561,66449,51558,Monday,7
3333,561,66449,51558,Monday,7
3334,561,66449,51558,Monday,7
3374,565,20542,31283,Wednesday,2
3375,565,20542,31283,Wednesday,2
3376,565,20542,31284,Tuesday,2
3377,565,20542,31284,Tuesday,2
3378,565,21628,30887,Thursday,2
3379,565,21628,30887,Thursday,2
3380,565,21628,31284,Tuesday,2
3381,565,21628,31284,Tuesday,2
3382,565,29718,30950,Wednesday,2
3383,565,29718,30950,Wednesday,2
3384,565,29719,30950,Friday,3
3385,565,29719,30950,Friday,3
3386,565,29719,30950,Friday,3
3387,565,29719,30950,Saturday,2
3388,565,29719,30950,Saturday,2
3389,565,30950,31284,Friday,5
3390,565,30950,31284,Friday,5
3391,565,30950,31284,Friday,5
3392,565,30950,31284,Friday,5
3393,565,30950,31284,Friday,5
3394,565,30950,31284,Saturday,6
3395,565,30950,31284,Saturday,6
3396,565,30950,31284,Saturday,6
3397,565,30950,31284,Saturday,6
3398,565,30950,31284,Saturday,6
3399,565,30950,31284,Saturday,6
3400,565,30950,31284,Sunday,4
3401,565,30950,31284,Sunday,4
3402,565,30950,31284,Sunday,4
3403,565,30950,31284,Sunday,4
3404,565,30950,31284,Thursday,7
3405,565,30950,31284,Thursday,7
3406,565,30950,31284,Thursday,7
3407,565,30950,31284,Thursday,7
3408,565,30950,31284,Thursday,7
3409,565,30950,31284,Thursday,7
3410,565,30950,31284,Thursday,7
3411,565,30950,31284,Tuesday,2
3412,565,30950,31284,Tuesday,2
3413,565,30950,31284,Wednesday,8
3414,565,30950,31284,Wednesday,8
3415,565,30950,31284,Wednesday,8
3416,565,30950,31284,Wednesday,8
3417,565,30950,31284,Wednesday,8
3418,565,30950,31284,Wednesday,8
3419,565,30950,31284,Wednesday,8
3420,565,30950,31284,Wednesday,8
3421,565,31284,30950,Friday,3
3422,565,31284,30950,Friday,3
3423,565,31284,30950,Friday,3
3424,565,31284,30950,Saturday,2
3425,565,31284,30950,Saturday,2
3426,565,31284,30950,Sunday,4
3427,565,31284,30950,Sunday,4
3428,565,31284,30950,Sunday,4
3429,565,31284,30950,Sunday,4
3430,565,31284,30950,Thursday,5
3431,565,31284,30950,Thursday,5
3432,565,31284,30950,Thursday,5
3433,565,31284,30950,Thursday,5
3434,565,31284,30950,Thursday,5
3435,565,31284,30950,Tuesday,2
3436,565,31284,30950,Tuesday,2
3437,565,31284,30950,Wednesday,3
3438,565,31284,30950,Wednesday,3
3439,565,31284,30950,Wednesday,3
3440,575,59764,75312,Monday,2
3441,575,59764,75312,Monday,2
3442,575,59764,75312,Tuesday,2
3443,575,59764,75312,Tuesday,2
3444,575,66449,75312,Tuesday,2
3445,575,66449,75312,Tuesday,2
3446,575,74544,78354,Saturday,2
3447,575,74544,78354,Saturday,2
3448,575,74544,78354,Wednesday,2
3449,575,74544,78354,Wednesday,2
3450,575,74548,78354,Wednesday,2
3451,575,74548,78354,Wednesday,2
3452,575,75736,75736,Monday,4
3453,575,75736,75736,Monday,4
3454,575,75736,75736,Monday,4
3455,575,75736,75736,Monday,4
3456,575,75736,75736,Sunday,3
3457,575,75736,75736,Sunday,3
3458,575,75736,75736,Sunday,3
3459,575,75736,75736,Tuesday,2
3460,575,75736,75736,Tuesday,2
3461,575,75737,75736,Monday,3
3462,575,75737,75736,Monday,3
3463,575,75737,75736,Monday,3
3464,575,75737,75736,Sunday,2
3465,575,75737,75736,Sunday,2
3466,575,75820,78354,Tuesday,3
3467,575,75820,78354,Tuesday,3
3468,575,75820,78354,Tuesday,3
3469,575,75820,78354,Wednesday,4
3470,575,75820,78354,Wednesday,4
3471,575,75820,78354,Wednesday,4
3472,575,75820,78354,Wednesday,4
3473,575,78354,64462,Tuesday,2
3474,575,78354,64462,Tuesday,2
3475,575,78354,69505,Thursday,2
3476,575,78354,69505,Thursday,2
3477,575,78354,73278,Tuesday,2
3478,575,78354,73278,Tuesday,2
3479,575,78354,74543,Saturday,3
3480,575,78354,74543,Saturday,3
3481,575,78354,74543,Saturday,3
3482,575,78354,74543,Tuesday,8
3483,575,78354,74543,Tuesday,8
3484,575,78354,74543,Tuesday,8
3485,575,78354,74543,Tuesday,8
3486,575,78354,74543,Tuesday,8
3487,575,78354,74543,Tuesday,8
3488,575,78354,74543,Tuesday,8
3489,575,78354,74543,Tuesday,8
3490,575,78354,74543,Wednesday,5
3491,575,78354,74543,Wednesday,5
3492,575,78354,74543,Wednesday,5
3493,575,78354,74543,Wednesday,5
3494,575,78354,74543,Wednesday,5
3495,575,78354,75818,Wednesday,2
3496,575,78354,75818,Wednesday,2
3497,575,78354,75819,Tuesday,2
3498,575,78354,75819,Tuesday,2
3499,575,78354,75819,Wednesday,3
3500,575,78354,75819,Wednesday,3
3501,575,78354,75819,Wednesday,3
3502,575,78354,77928,Tuesday,2
3503,575,78354,77928,Tuesday,2
3504,575,78354,78354,Friday,7
3505,575,78354,78354,Friday,7
3506,575,78354,78354,Friday,7
3507,575,78354,78354,Friday,7
3508,575,78354,78354,Friday,7
3509,575,78354,78354,Friday,7
3510,575,78354,78354,Friday,7
3511,575,78354,78354,Saturday,7
3512,575,78354,78354,Saturday,7
3513,575,78354,78354,Saturday,7
3514,575,78354,78354,Saturday,7
3515,575,78354,78354,Saturday,7
3516,575,78354,78354,Saturday,7
3517,575,78354,78354,Saturday,7
3518,575,78354,78354,Sunday,5
3519,575,78354,78354,Sunday,5
3520,575,78354,78354,Sunday,5
3521,575,78354,78354,Sunday,5
3522,575,78354,78354,Sunday,5
3523,575,78354,78354,Thursday,7
3524,575,78354,78354,Thursday,7
3525,575,78354,78354,Thursday,7
3526,575,78354,78354,Thursday,7
3527,575,78354,78354,Thursday,7
3528,575,78354,78354,Thursday,7
3529,575,78354,78354,Thursday,7
3530,575,78354,78354,Tuesday,5
3531,575,78354,78354,Tuesday,5
3532,575,78354,78354,Tuesday,5
3533,575,78354,78354,Tuesday,5
3534,575,78354,78354,Tuesday,5
3535,575,78354,78354,Wednesday,3
3536,575,78354,78354,Wednesday,3
3537,575,78354,78354,Wednesday,3
3709,597,21933,44191,Wednesday,2
3710,597,21933,44191,Wednesday,2
3711,597,22308,44599,Monday,3
3712,597,22308,44599,Monday,3
3713,597,22308,44599,Monday,3
3714,597,30421,43356,Monday,2
3715,597,30421,43356,Monday,2
3716,597,30421,69505,Monday,2
3717,597,30421,69505,Monday,2
3718,597,30421,69505,Sunday,3
3719,597,30421,69505,Sunday,3
3720,597,30421,69505,Sunday,3
3721,597,30421,69505,Tuesday,5
3722,597,30421,69505,Tuesday,5
3723,597,30421,69505,Tuesday,5
3724,597,30421,69505,Tuesday,5
3725,597,30421,69505,Tuesday,5
3726,597,30421,69926,Saturday,3
3727,597,30421,69926,Saturday,3
3728,597,30421,69926,Saturday,3
3729,597,30421,69926,Sunday,4
3730,597,30421,69926,Sunday,4
3731,597,30421,69926,Sunday,4
3732,597,30421,69926,Sunday,4
3733,597,30421,69926,Thursday,3
3734,597,30421,69926,Thursday,3
3735,597,30421,69926,Thursday,3
3736,597,30421,69926,Tuesday,5
3737,597,30421,69926,Tuesday,5
3738,597,30421,69926,Tuesday,5
3739,597,30421,69926,Tuesday,5
3740,597,30421,69926,Tuesday,5
3741,597,30421,69926,Wednesday,6
3742,597,30421,69926,Wednesday,6
3743,597,30421,69926,Wednesday,6
3744,597,30421,69926,Wednesday,6
3745,597,30421,69926,Wednesday,6
3746,597,30421,69926,Wednesday,6
3747,597,30422,69505,Monday,2
3748,597,30422,69505,Monday,2
3749,597,30422,69505,Saturday,2
3750,597,30422,69505,Saturday,2
3751,597,30422,69505,Sunday,2
3752,597,30422,69505,Sunday,2
3753,597,30422,69926,Friday,2
3754,597,30422,69926,Friday,2
3755,597,30422,69926,Monday,3
3756,597,30422,69926,Monday,3
3757,597,30422,69926,Monday,3
3758,597,30422,69926,Sunday,2
3759,597,30422,69926,Sunday,2
3760,597,30422,69926,Thursday,5
3761,597,30422,69926,Thursday,5
3762,597,30422,69926,Thursday,5
3763,597,30422,69926,Thursday,5
3764,597,30422,69926,Thursday,5
3765,597,30422,69926,Wednesday,5
3766,597,30422,69926,Wednesday,5
3767,597,30422,69926,Wednesday,5
3768,597,30422,69926,Wednesday,5
3769,597,30422,69926,Wednesday,5
