,vehicle_id,repeat,mean_precision,n_valid_folds,best_alpha,fold
0,181,0,0.7016203703703704,10,0.05,"[0.925925925925926, 0.6111111111111112, 0.5, 0.75, 1.0, 0.5, 0.29166666666666663, 0.6875, 1.0, 0.75]"
1,181,1,0.648611111111111,10,0.001,"[1.0, 0.6944444444444444, 0.5833333333333334, 0.375, 0.25, 0.7083333333333333, 0.875, 0.75, 0.625, 0.625]"
2,181,2,0.767361111111111,10,0.1,"[0.5555555555555556, 0.5555555555555556, 1.0, 0.4375, 0.5, 1.0, 0.875, 0.8125, 0.9375, 1.0]"
3,181,3,0.778125,10,0.001,"[1.0, 0.9166666666666666, 0.6666666666666666, 0.75, 0.75, 0.5, 0.5, 1.0, 0.7916666666666666, 0.90625]"
4,181,4,0.6820601851851852,10,0.05,"[0.5925925925925926, 0.3333333333333333, 0.925925925925926, 0.15625, 1.0, 0.5, 0.9375, 0.75, 1.0, 0.625]"
5,181,5,0.6918981481481482,10,0.001,"[0.48148148148148145, 0.5, 1.0, 0.4375, 1.0, 0.16666666666666666, 1.0, 1.0, 0.75, 0.5833333333333334]"
6,181,6,0.6788194444444444,10,0.001,"[0.7777777777777778, 0.5, 1.0, 1.0, 0.9166666666666666, 0.1875, 0.75, 0.375, 0.28125, 1.0]"
7,181,7,0.6518518518518518,10,0.05,"[1.0, 0.925925925925926, 0.5925925925925926, 0.75, 0.71875, 0.16666666666666666, 0.6666666666666666, 1.0, 0.28125, 0.4166666666666667]"
8,181,8,0.7483796296296296,10,0.001,"[0.35185185185185186, 0.6666666666666666, 0.9444444444444444, 0.14583333333333334, 0.625, 1.0, 0.8125, 1.0, 1.0, 0.9375]"
9,181,9,0.6358796296296296,10,0.001,"[1.0, 0.8888888888888888, 0.40740740740740744, 1.0, 0.6875, 0.7083333333333333, 0.5625, 0.16666666666666666, 0.3125, 0.625]"
10,185,0,0.3172619047619047,10,0.001,"[0.0, 0.16666666666666666, 0.4166666666666667, 0.3333333333333333, 0.5416666666666666, 0.29166666666666663, 0.25, 0.375, 0.619047619047619, 0.17857142857142858]"
11,185,1,0.2651785714285714,10,0.05,"[0.1875, 0.53125, 0.03125, 0.41666666666666663, 0.22916666666666666, 0.125, 0.16666666666666666, 0.25, 0.5, 0.21428571428571427]"
12,185,2,0.2699404761904762,10,0.001,"[0.4166666666666667, 0.3125, 0.017857142857142856, 0.5, 0.375, 0.1875, 0.41666666666666663, 0.1875, 0.047619047619047616, 0.23809523809523808]"
13,185,3,0.2644642857142857,10,0.001,"[0.03125, 0.375, 0.65625, 0.08333333333333333, 0.35, 0.375, 0.25, 0.25, 0.09523809523809523, 0.17857142857142858]"
14,185,4,0.2776785714285714,10,0.001,"[0.125, 0.08333333333333333, 0.375, 0.375, 0.4375, 0.3125, 0.375, 0.14583333333333331, 0.07142857142857142, 0.4761904761904762]"
15,185,5,0.2199702380952381,10,0.001,"[0.1875, 0.2916666666666667, 0.14583333333333331, 0.1, 0.25, 0.09375, 0.125, 0.2916666666666667, 0.7142857142857143, 0.0]"
16,185,6,0.2851785714285714,10,0.001,"[0.08333333333333333, 0.375, 0.25, 0.0, 0.2875, 0.16666666666666666, 0.225, 0.25, 0.21428571428571427, 1.0]"
17,185,7,0.263095238095238,10,0.001,"[0.375, 0.03125, 0.1875, 0.16666666666666666, 0.0, 0.34375, 0.75, 0.0625, 0.2857142857142857, 0.42857142857142855]"
18,185,8,0.2590773809523809,10,0.001,"[0.22499999999999998, 0.125, 0.22916666666666666, 0.3125, 0.5, 0.525, 0.03125, 0.5, 0.0, 0.14285714285714285]"
19,185,9,0.2330059523809523,10,0.001,"[0.03125, 0.375, 0.10416666666666666, 0.20833333333333331, 0.4, 0.15, 0.2875, 0.25, 0.23809523809523808, 0.2857142857142857]"
20,223,0,0.6785714285714286,10,0.001,"[0.9285714285714286, 0.8076923076923077, 0.3956043956043956, 0.9384615384615385, 0.8653846153846154, 0.9076923076923078, 0.46153846153846156, 0.38461538461538464, 0.6923076923076923, 0.40384615384615385]"
21,223,1,0.7004395604395605,10,0.001,"[0.8095238095238095, 0.8974358974358976, 0.858974358974359, 1.0, 0.9384615384615385, 0.38461538461538464, 0.24358974358974358, 0.33333333333333337, 0.8974358974358976, 0.641025641025641]"
22,223,2,0.6742765567765567,10,0.001,"[0.8273809523809524, 0.7692307692307693, 0.16923076923076924, 0.7948717948717948, 1.0, 0.8846153846153846, 0.5538461538461539, 0.46153846153846156, 0.9230769230769231, 0.358974358974359]"
23,223,3,0.7034432234432234,10,0.001,"[0.7857142857142857, 0.9230769230769231, 0.3076923076923077, 0.9423076923076923, 0.6307692307692307, 0.34615384615384615, 0.5512820512820512, 0.8615384615384615, 0.782051282051282, 0.9038461538461539]"
24,223,4,0.6631776556776557,10,0.001,"[0.8952380952380953, 0.36858974358974356, 0.6923076923076923, 0.4102564102564103, 0.9358974358974359, 0.9423076923076923, 0.4256410256410256, 0.6923076923076923, 0.37179487179487186, 0.8974358974358974]"
25,223,5,0.5472344322344324,10,0.001,"[0.4761904761904762, 0.17307692307692307, 0.7692307692307693, 0.6666666666666666, 0.4294871794871795, 0.3076923076923077, 0.8653846153846154, 0.8999999999999999, 0.25641025641025644, 0.6282051282051282]"
26,223,6,0.6595238095238095,10,0.001,"[0.8214285714285714, 0.6666666666666666, 0.8076923076923077, 0.7692307692307693, 0.32051282051282054, 0.8653846153846154, 0.7307692307692307, 0.5769230769230769, 0.1904761904761905, 0.8461538461538461]"
27,223,7,0.6584432234432234,10,0.001,"[0.3095238095238095, 0.5384615384615384, 0.07692307692307693, 0.3681318681318681, 0.9487179487179488, 0.8269230769230769, 0.8131868131868132, 0.9230769230769231, 1.0, 0.7794871794871795]"
28,223,8,0.7690293040293039,10,0.001,"[0.5857142857142856, 0.7538461538461539, 0.7692307692307693, 0.8653846153846154, 0.8846153846153846, 0.8205128205128205, 0.3589743589743589, 0.8717948717948717, 0.7802197802197802, 1.0]"
29,223,9,0.5543223443223443,10,0.001,"[0.4928571428571429, 0.5769230769230769, 0.2692307692307692, 0.40384615384615385, 0.057692307692307696, 0.7692307692307693, 0.8974358974358974, 0.6217948717948717, 0.5824175824175823, 0.8717948717948718]"
30,231,0,0.5,10,0.01,"[0.6, 0.1, 0.8, 0.6, 0.6, 0.1, 0.8, 0.5, 0.4, 0.5]"
31,231,1,0.4866666666666667,10,0.01,"[0.4, 0.6, 0.2, 0.8, 0.6666666666666666, 0.6, 0.36, 0.8, 0.4, 0.04]"
32,231,2,0.5033333333333333,10,0.001,"[0.5, 0.26666666666666666, 0.6, 0.7, 0.4, 0.8, 0.2, 0.4666666666666666, 0.6, 0.5]"
33,231,3,0.4983333333333333,10,0.001,"[1.0, 0.0, 0.4666666666666667, 0.8, 0.6, 0.6666666666666666, 0.4, 0.4, 0.25, 0.4]"
34,231,4,0.5516666666666666,10,0.001,"[0.8, 0.8, 0.26666666666666666, 0.4, 0.6, 0.45, 0.4, 0.6, 0.8, 0.4]"
35,231,5,0.4973333333333333,10,0.01,"[0.6666666666666667, 0.2, 0.0, 0.8, 0.6, 0.04, 0.8, 0.26666666666666666, 0.6, 1.0]"
36,231,6,0.5266666666666666,10,0.01,"[1.0, 0.4, 0.8, 0.2, 0.7, 0.3, 0.26666666666666666, 0.8, 0.6, 0.2]"
37,231,7,0.5533333333333333,10,0.01,"[0.3, 0.26666666666666666, 0.6, 0.4, 0.5, 0.8, 0.5, 0.5, 0.6666666666666666, 1.0]"
38,231,8,0.5366666666666667,10,0.01,"[1.0, 0.5, 0.4, 0.06666666666666667, 0.8, 0.7, 0.4, 0.8, 0.3, 0.4]"
39,231,9,0.6066666666666667,10,0.001,"[0.4, 0.4666666666666666, 0.4, 0.8, 0.6, 0.8, 0.6, 0.8, 0.8, 0.4]"
40,276,0,0.4051360544217687,10,0.001,"[0.23333333333333334, 0.5666666666666667, 0.6071428571428571, 0.6428571428571429, 0.2585034013605442, 0.41428571428571426, 0.4642857142857143, 0.20714285714285713, 0.42857142857142855, 0.2285714285714286]"
41,276,1,0.3976851851851852,10,0.001,"[0.11851851851851851, 0.5666666666666667, 0.21428571428571427, 0.6964285714285714, 0.5714285714285714, 0.5535714285714286, 0.7857142857142857, 0.30357142857142855, 0.07142857142857142, 0.09523809523809523]"
42,276,2,0.3672891156462584,10,0.001,"[0.5533333333333333, 0.3333333333333333, 0.17261904761904762, 0.3333333333333333, 0.6428571428571429, 0.3095238095238095, 0.2857142857142857, 0.4642857142857143, 0.29931972789115646, 0.2785714285714286]"
43,276,3,0.4608333333333333,10,0.001,"[0.4111111111111111, 0.6555555555555554, 0.2857142857142857, 0.5833333333333333, 0.4642857142857143, 0.1488095238095238, 0.17857142857142858, 0.6428571428571429, 0.5238095238095238, 0.7142857142857143]"
44,276,4,0.4266950113378684,10,0.05,"[0.4888888888888889, 0.5333333333333333, 0.7321428571428571, 0.2602040816326531, 0.2857142857142857, 0.4428571428571429, 0.25, 0.39285714285714285, 0.27380952380952384, 0.6071428571428571]"
45,276,5,0.4121031746031746,10,0.001,"[0.4388888888888889, 0.6166666666666667, 0.4047619047619047, 0.6071428571428571, 0.2857142857142857, 0.3095238095238095, 0.6904761904761906, 0.32142857142857145, 0.21428571428571427, 0.23214285714285715]"
46,276,6,0.4702857142857143,10,0.001,"[0.6, 0.36000000000000004, 0.5, 0.6785714285714286, 0.42857142857142855, 0.3, 0.4523809523809524, 0.511904761904762, 0.4642857142857143, 0.40714285714285714]"
47,276,7,0.4320238095238095,10,0.001,"[0.26666666666666666, 0.7833333333333333, 0.6666666666666667, 0.4404761904761904, 0.6785714285714286, 0.40476190476190477, 0.20833333333333331, 0.33571428571428574, 0.2857142857142857, 0.25]"
48,276,8,0.4362482993197279,10,0.001,"[0.43333333333333335, 0.14666666666666667, 0.45, 0.6428571428571429, 0.6122448979591837, 0.511904761904762, 0.42857142857142855, 0.2857142857142857, 0.5178571428571429, 0.3333333333333333]"
49,276,9,0.4698412698412698,10,0.001,"[0.4611111111111111, 0.4444444444444445, 0.6857142857142857, 0.34523809523809523, 0.6428571428571429, 0.4523809523809524, 0.5952380952380951, 0.36309523809523814, 0.3392857142857143, 0.369047619047619]"
50,283,0,0.5588888888888889,10,0.01,"[0.7222222222222222, 0.4, 1.0, 0.6666666666666667, 0.4, 0.4, 0.4, 0.26666666666666666, 1.0, 0.3333333333333333]"
51,283,1,0.5233333333333333,10,0.001,"[0.6666666666666666, 1.0, 0.06666666666666667, 0.6, 0.4666666666666666, 0.6666666666666667, 0.9, 0.1, 0.6, 0.16666666666666666]"
52,283,2,0.5877777777777778,10,0.001,"[0.4444444444444444, 0.6666666666666667, 0.3, 0.26666666666666666, 0.3, 1.0, 0.2, 1.0, 1.0, 0.7]"
53,283,3,0.5166666666666667,10,0.001,"[0.75, 0.05, 0.5333333333333333, 0.9, 1.0, 0.2, 0.4666666666666666, 0.8666666666666666, 0.4, 0.0]"
54,283,4,0.5883333333333334,10,0.001,"[0.08333333333333333, 1.0, 0.8, 0.8, 1.0, 0.9, 0.36666666666666664, 0.16666666666666666, 0.3, 0.4666666666666666]"
55,283,5,0.5182222222222223,10,0.001,"[0.2222222222222222, 0.16, 0.06666666666666667, 0.6, 0.8666666666666666, 0.7, 0.26666666666666666, 0.8, 0.5, 1.0]"
56,283,6,0.5122222222222222,10,0.001,"[0.7222222222222222, 0.26666666666666666, 0.3, 0.9, 0.26666666666666666, 0.6666666666666666, 0.06666666666666667, 0.8666666666666666, 0.6666666666666666, 0.4]"
57,283,7,0.4877777777777777,10,0.001,"[0.611111111111111, 0.2, 0.7, 0.6666666666666666, 0.6, 0.5, 0.4, 0.3, 0.1, 0.8]"
58,283,8,0.6388888888888888,10,0.001,"[0.3055555555555555, 0.8, 0.8666666666666666, 0.6666666666666666, 0.7, 0.65, 0.3, 0.7, 0.6, 0.8]"
59,283,9,0.615,10,0.01,"[0.4166666666666667, 0.6666666666666667, 0.3, 0.5, 0.4666666666666666, 0.8, 0.9, 0.4, 0.9, 0.8]"
60,292,0,0.71,10,0.001,"[1.0, 0.6, 0.2, 1.0, 0.7, 0.6, 0.7, 0.5, 0.8, 1.0]"
61,292,1,0.7433333333333334,10,0.001,"[0.8, 0.6, 1.0, 0.8, 0.6, 1.0, 0.4333333333333333, 0.6, 0.6, 1.0]"
62,292,2,0.5999999999999999,10,0.001,"[0.2, 0.6, 0.8, 0.26666666666666666, 1.0, 1.0, 0.8, 0.4666666666666667, 0.26666666666666666, 0.6]"
63,292,3,0.7366666666666666,10,0.001,"[0.0, 1.0, 0.7, 0.8666666666666668, 1.0, 1.0, 1.0, 1.0, 0.8, 0.0]"
64,292,4,0.6733333333333333,10,0.001,"[0.8, 0.8, 0.26666666666666666, 0.6, 0.8, 0.8, 0.4, 0.4666666666666667, 0.8, 1.0]"
65,292,5,0.7799999999999999,10,0.001,"[1.0, 1.0, 0.8, 0.7, 1.0, 1.0, 1.0, 0.6, 0.6, 0.1]"
66,292,6,0.6666666666666667,10,0.05,"[0.0, 1.0, 1.0, 0.4, 0.4666666666666667, 1.0, 1.0, 0.0, 1.0, 0.8]"
67,292,7,0.6,10,0.001,"[1.0, 0.8, 0.0, 0.8, 0.7, 0.4, 0.7, 0.6, 0.4, 0.6]"
68,292,8,0.5666666666666667,10,0.05,"[0.06666666666666667, 0.7, 0.8, 1.0, 0.8, 0.6, 0.8, 0.0, 0.6, 0.3]"
69,292,9,0.61,10,0.001,"[0.7, 0.6, 0.7, 0.8, 0.1, 1.0, 0.2, 0.4, 0.6, 1.0]"
70,309,0,0.7335185185185186,10,0.001,"[0.5925925925925927, 0.5555555555555556, 0.9259259259259258, 0.8518518518518519, 0.3888888888888889, 0.9444444444444444, 0.5833333333333334, 0.6777777777777777, 0.8148148148148148, 1.0]"
71,309,1,0.5869212962962963,10,0.001,"[0.9259259259259258, 0.7222222222222222, 0.4166666666666667, 0.6111111111111112, 0.5925925925925926, 0.16666666666666666, 0.25, 1.0, 0.7777777777777778, 0.40625]"
72,309,2,0.6119907407407408,10,0.001,"[0.4666666666666667, 0.7592592592592592, 0.5555555555555556, 0.8222222222222223, 0.24074074074074073, 0.6111111111111112, 0.7777777777777778, 0.4074074074074074, 0.6666666666666666, 0.8125]"
73,309,3,0.6092592592592593,10,0.001,"[0.48148148148148145, 0.9259259259259258, 0.5, 0.5, 0.3888888888888889, 0.25925925925925924, 0.5555555555555556, 0.7037037037037037, 0.7777777777777778, 1.0]"
74,309,4,0.5681481481481481,10,0.001,"[0.8888888888888888, 1.0, 0.4259259259259259, 0.2777777777777778, 0.8888888888888888, 0.8888888888888888, 0.3111111111111111, 0.3888888888888889, 0.2777777777777778, 0.3333333333333333]"
75,309,5,0.6098611111111112,10,0.001,"[0.5925925925925926, 0.4444444444444444, 0.8703703703703703, 0.4444444444444444, 0.7444444444444445, 0.5, 0.7592592592592592, 0.5555555555555556, 0.5, 0.6875]"
76,309,6,0.5454629629629629,10,0.001,"[0.6666666666666666, 0.2777777777777778, 0.8148148148148148, 0.16666666666666666, 0.8333333333333334, 0.6666666666666666, 0.48148148148148145, 0.14444444444444446, 0.9444444444444444, 0.4583333333333333]"
77,309,7,0.4741203703703703,10,0.001,"[0.2777777777777778, 0.25925925925925924, 0.3888888888888889, 0.6555555555555556, 0.3888888888888889, 0.8888888888888888, 0.2222222222222222, 0.4074074074074074, 0.8148148148148148, 0.4375]"
78,309,8,0.56875,10,0.001,"[0.7777777777777778, 0.4444444444444444, 0.5277777777777778, 0.5185185185185185, 0.9259259259259258, 0.5185185185185185, 0.4444444444444444, 0.537037037037037, 0.5555555555555556, 0.4375]"
79,309,9,0.5476388888888889,10,0.001,"[0.7222222222222222, 0.5555555555555556, 0.19444444444444445, 0.19444444444444445, 0.35555555555555557, 1.0, 0.5555555555555556, 0.26666666666666666, 0.9444444444444444, 0.6875]"
80,323,0,0.7131944444444445,10,0.001,"[0.6666666666666666, 0.3333333333333333, 0.9444444444444444, 1.0, 0.2222222222222222, 0.8888888888888888, 0.8888888888888888, 1.0, 0.9375, 0.25]"
81,323,1,0.8482638888888889,10,0.001,"[0.8888888888888888, 0.8888888888888888, 0.9444444444444444, 1.0, 0.9444444444444444, 0.9444444444444444, 0.8888888888888888, 0.8888888888888888, 0.9375, 0.15625]"
82,323,2,0.7349537037037036,10,0.001,"[0.8333333333333334, 0.9444444444444444, 0.2777777777777778, 0.9259259259259258, 1.0, 1.0, 0.5555555555555556, 0.0, 0.8125, 1.0]"
83,323,3,0.7460648148148148,10,0.001,"[0.4444444444444444, 0.4444444444444444, 0.25925925925925924, 1.0, 0.7777777777777778, 0.9444444444444444, 0.9444444444444444, 0.8333333333333334, 0.875, 0.9375]"
84,323,4,0.7481481481481482,10,0.001,"[1.0, 0.2222222222222222, 1.0, 1.0, 1.0, 0.8055555555555556, 0.2037037037037037, 0.5, 0.875, 0.875]"
85,323,5,0.8541666666666666,10,0.001,"[0.9444444444444444, 0.4444444444444444, 0.8888888888888888, 1.0, 1.0, 0.8888888888888888, 1.0, 1.0, 1.0, 0.375]"
86,323,6,0.8229166666666666,10,0.001,"[0.3333333333333333, 0.8888888888888888, 1.0, 0.8055555555555556, 1.0, 0.9444444444444444, 1.0, 0.9444444444444444, 1.0, 0.3125]"
87,323,7,0.7364814814814815,10,0.001,"[0.7777777777777778, 0.9444444444444444, 0.3703703703703704, 0.8888888888888888, 0.7777777777777778, 0.7777777777777778, 0.9444444444444444, 0.13333333333333333, 0.875, 0.875]"
88,323,8,0.923148148148148,10,0.001,"[1.0, 1.0, 0.8333333333333334, 0.9259259259259258, 1.0, 1.0, 0.7777777777777778, 0.9444444444444444, 0.875, 0.875]"
89,323,9,0.8101851851851851,10,0.001,"[1.0, 0.7777777777777778, 0.3333333333333333, 0.925925925925926, 1.0, 0.7037037037037037, 0.4444444444444444, 1.0, 0.9166666666666666, 1.0]"
90,340,0,0.7155555555555555,10,0.001,"[0.6, 1.0, 0.2222222222222222, 0.5555555555555556, 0.8888888888888888, 0.7777777777777778, 1.0, 0.1111111111111111, 1.0, 1.0]"
91,340,1,0.587037037037037,10,0.01,"[0.5, 0.4444444444444444, 0.2222222222222222, 0.5, 1.0, 0.2222222222222222, 0.9444444444444444, 0.5925925925925926, 0.4444444444444444, 1.0]"
92,340,2,0.7959259259259259,10,0.001,"[0.7, 1.0, 1.0, 0.7222222222222222, 0.8148148148148148, 0.7222222222222222, 0.8888888888888888, 1.0, 0.1111111111111111, 1.0]"
93,340,3,0.7888888888888889,10,0.001,"[1.0, 0.4444444444444444, 1.0, 0.9444444444444444, 0.8888888888888888, 0.9444444444444444, 0.4444444444444444, 1.0, 0.6666666666666666, 0.5555555555555556]"
94,340,4,0.7031481481481481,10,0.1,"[0.6333333333333333, 0.6666666666666666, 0.5925925925925926, 1.0, 0.5833333333333334, 0.5555555555555556, 1.0, 0.4444444444444444, 0.5555555555555556, 1.0]"
95,340,5,0.6892592592592593,10,0.01,"[0.8, 0.7777777777777778, 0.9444444444444444, 0.7037037037037037, 0.6666666666666666, 0.5, 0.05555555555555555, 0.6666666666666666, 1.0, 0.7777777777777778]"
96,340,6,0.7825925925925926,10,0.05,"[0.65, 0.8148148148148148, 0.7777777777777778, 1.0, 0.2222222222222222, 1.0, 0.8888888888888888, 1.0, 0.5833333333333334, 0.8888888888888888]"
97,340,7,0.7942592592592591,10,0.001,"[0.65, 1.0, 1.0, 0.7777777777777778, 0.5555555555555556, 0.8666666666666667, 0.9444444444444444, 0.2222222222222222, 1.0, 0.9259259259259258]"
98,340,8,0.6309259259259259,10,0.01,"[0.21666666666666665, 0.5555555555555556, 0.7777777777777778, 0.7037037037037037, 0.1111111111111111, 0.8333333333333334, 0.7777777777777778, 0.8888888888888888, 0.6666666666666666, 0.7777777777777778]"
99,340,9,0.725,10,0.001,"[1.0, 0.3333333333333333, 0.3333333333333333, 0.6666666666666666, 1.0, 0.8888888888888888, 0.7777777777777778, 0.5555555555555556, 0.6944444444444444, 1.0]"
100,366,0,0.64,10,0.001,"[0.6, 0.6, 0.4, 0.4, 1.0, 1.0, 0.8, 0.2, 1.0, 0.4]"
101,366,1,0.7266666666666666,10,0.001,"[0.6, 0.4, 0.6, 1.0, 0.6, 0.8, 0.8666666666666666, 0.8, 0.6, 1.0]"
102,366,2,0.7833333333333334,10,0.1,"[0.6, 1.0, 1.0, 0.8, 0.6, 0.4666666666666667, 1.0, 0.6666666666666666, 0.7, 1.0]"
103,366,3,0.7466666666666667,10,0.001,"[0.8, 0.8, 0.6, 0.4666666666666666, 0.4, 1.0, 1.0, 0.8, 0.8, 0.8]"
104,366,4,0.6433333333333333,10,0.1,"[0.06666666666666667, 0.8, 0.7, 0.8, 0.6, 1.0, 0.6666666666666666, 0.4, 0.6, 0.8]"
105,366,5,0.7,10,0.001,"[1.0, 1.0, 1.0, 0.7, 0.9, 0.4, 0.6, 0.4, 0.6, 0.4]"
106,366,6,0.8066666666666666,10,0.001,"[0.6, 1.0, 0.8, 0.8666666666666666, 0.4, 1.0, 0.6, 1.0, 1.0, 0.8]"
107,366,7,0.7400000000000001,10,0.001,"[1.0, 0.8, 0.8, 1.0, 0.6, 0.6, 0.5, 1.0, 0.9, 0.2]"
108,366,8,0.6966666666666667,10,0.001,"[1.0, 0.8, 1.0, 0.4, 0.4666666666666667, 0.6, 0.4, 1.0, 0.6, 0.7]"
109,366,9,0.7266666666666668,10,0.001,"[1.0, 1.0, 0.6, 0.8, 1.0, 0.6, 0.6, 0.2, 0.4666666666666666, 1.0]"
110,371,0,0.5333333333333333,10,0.001,"[0.36363636363636365, 0.7727272727272727, 0.5, 0.36363636363636365, 0.45, 0.9, 0.23333333333333334, 0.45, 0.95, 0.35]"
111,371,1,0.5825757575757576,10,0.001,"[0.8181818181818182, 0.9545454545454546, 0.4090909090909091, 0.3939393939393939, 0.65, 0.4, 0.4, 0.5666666666666667, 0.6, 0.6333333333333333]"
112,371,2,0.5525757575757575,10,0.001,"[0.45454545454545453, 0.5909090909090909, 0.7727272727272727, 0.5909090909090909, 0.7, 0.4, 0.6333333333333333, 0.2, 0.3333333333333333, 0.85]"
113,371,3,0.5312878787878788,10,0.001,"[0.8636363636363636, 0.6590909090909091, 0.8181818181818182, 0.36363636363636365, 0.4, 0.4, 0.33333333333333337, 0.325, 0.35, 0.8]"
114,371,4,0.4657575757575758,10,0.001,"[0.3939393939393939, 0.36363636363636365, 0.7727272727272727, 0.7272727272727273, 0.55, 0.1, 0.35, 0.25, 0.45, 0.7]"
115,371,5,0.521969696969697,10,0.01,"[0.4090909090909091, 0.45454545454545453, 0.5909090909090909, 0.18181818181818182, 0.8, 0.8, 0.7, 0.6, 0.4333333333333333, 0.25]"
116,371,6,0.4556818181818182,10,0.001,"[0.18181818181818182, 0.7727272727272727, 0.6818181818181818, 0.5454545454545454, 0.1, 0.55, 0.75, 0.55, 0.35, 0.075]"
117,371,7,0.5213636363636364,10,0.001,"[0.4090909090909091, 0.09090909090909091, 0.606060606060606, 0.5909090909090909, 0.6, 1.0, 0.5, 0.5833333333333334, 0.2333333333333333, 0.6]"
118,371,8,0.5331818181818181,10,0.01,"[0.45454545454545453, 0.5454545454545454, 0.6363636363636364, 0.5454545454545454, 0.3, 0.4, 0.2, 0.75, 0.65, 0.85]"
119,371,9,0.5483333333333333,10,0.001,"[0.45454545454545453, 0.7727272727272727, 0.18181818181818182, 0.5909090909090909, 0.7, 1.0, 0.4, 0.65, 0.2333333333333333, 0.5]"
120,388,0,0.5396031746031745,10,0.001,"[0.6, 0.7, 0.5555555555555555, 0.6222222222222221, 0.4166666666666667, 0.4888888888888889, 0.4888888888888889, 0.5357142857142857, 0.738095238095238, 0.25]"
121,388,1,0.4742857142857143,10,0.001,"[0.26666666666666666, 0.7333333333333333, 0.43333333333333335, 0.36666666666666664, 0.5333333333333333, 0.6666666666666666, 0.6, 0.21428571428571427, 0.2857142857142857, 0.6428571428571429]"
122,388,2,0.5189285714285715,10,0.001,"[0.4388888888888889, 0.4166666666666667, 0.7333333333333333, 0.4388888888888889, 0.6, 0.4888888888888889, 0.7333333333333333, 0.35714285714285715, 0.39285714285714285, 0.5892857142857143]"
123,388,3,0.5374603174603175,10,0.001,"[0.45, 0.4, 0.6, 0.4111111111111111, 0.7666666666666667, 0.3777777777777777, 0.6666666666666666, 0.4523809523809524, 0.75, 0.5]"
124,388,4,0.5195238095238095,10,0.01,"[0.5555555555555555, 0.5333333333333333, 0.2, 0.6, 0.3, 0.8222222222222222, 0.5555555555555555, 0.7000000000000001, 0.5238095238095238, 0.4047619047619047]"
125,388,5,0.5038888888888888,10,0.001,"[0.38333333333333336, 0.3555555555555555, 0.5666666666666667, 0.8, 0.5, 0.4, 0.5, 0.7000000000000001, 0.2619047619047619, 0.5714285714285714]"
126,388,6,0.4706587301587301,10,0.001,"[0.3333333333333333, 0.35555555555555557, 0.4666666666666667, 0.6666666666666666, 0.1688888888888889, 0.5444444444444444, 0.5222222222222223, 0.6666666666666667, 0.5357142857142857, 0.44642857142857145]"
127,388,7,0.5251587301587302,10,0.001,"[0.5555555555555555, 0.5666666666666667, 0.3, 0.6, 0.4, 0.7333333333333333, 0.5222222222222223, 0.5714285714285714, 0.7738095238095237, 0.2285714285714286]"
128,388,8,0.5169444444444444,10,0.001,"[0.6, 0.36666666666666664, 0.6444444444444444, 0.4, 0.5, 0.5, 0.5333333333333333, 0.5357142857142857, 0.7142857142857143, 0.375]"
129,388,9,0.5216507936507937,10,0.001,"[0.4, 0.44666666666666666, 0.2222222222222222, 0.48888888888888893, 0.6, 0.7111111111111111, 0.4666666666666667, 0.738095238095238, 0.630952380952381, 0.5119047619047619]"
130,450,0,0.7772777777777777,10,0.001,"[0.75, 0.8125, 0.8958333333333333, 0.75, 1.0, 0.9, 0.6666666666666666, 0.5333333333333333, 0.6711111111111111, 0.7933333333333333]"
131,450,1,0.8280375180375179,10,0.001,"[0.6875, 0.6875, 0.875, 0.7954545454545454, 0.6, 1.0, 1.0, 0.9333333333333333, 0.8444444444444444, 0.8571428571428572]"
132,450,2,0.8376250000000001,10,0.001,"[0.78125, 0.9166666666666666, 1.0, 0.875, 1.0, 0.9333333333333333, 0.6866666666666668, 0.6, 0.9333333333333333, 0.65]"
133,450,3,0.8800416666666667,10,0.001,"[0.75, 1.0, 0.84375, 1.0, 0.9066666666666667, 0.7333333333333333, 0.9, 1.0, 0.8, 0.8666666666666667]"
134,450,4,0.8374305555555557,10,0.001,"[1.0, 0.625, 0.78125, 0.5625, 0.9333333333333333, 1.0, 1.0, 0.75, 0.9333333333333333, 0.788888888888889]"
135,450,5,0.7768055555555555,10,0.001,"[0.5625, 0.5625, 0.8645833333333334, 0.90625, 0.8, 1.0, 0.7333333333333333, 0.5833333333333334, 0.8222222222222223, 0.9333333333333333]"
136,450,6,0.8678968253968253,10,0.001,"[1.0, 0.75, 0.875, 1.0, 0.8666666666666667, 0.9333333333333333, 0.7333333333333333, 0.9333333333333333, 0.8761904761904762, 0.711111111111111]"
137,450,7,0.8731944444444444,10,0.001,"[0.75, 1.0, 1.0, 0.9375, 0.9333333333333333, 0.8222222222222222, 0.8666666666666667, 0.6666666666666666, 0.8222222222222222, 0.9333333333333333]"
138,450,8,0.8275347222222221,10,0.001,"[0.921875, 0.875, 0.9305555555555556, 0.78125, 0.6, 0.7666666666666667, 0.9333333333333333, 0.7333333333333333, 0.8, 0.9333333333333333]"
139,450,9,0.7925,10,0.001,"[0.75, 0.625, 0.9375, 0.8125, 0.6, 0.9333333333333333, 1.0, 0.5333333333333333, 1.0, 0.7333333333333333]"
140,452,0,0.9166666666666666,10,0.001,"[1.0, 1.0, 0.26666666666666666, 1.0, 1.0, 1.0, 0.9, 1.0, 1.0, 1.0]"
141,452,1,0.9200000000000002,10,0.001,"[1.0, 1.0, 1.0, 0.9, 1.0, 1.0, 1.0, 1.0, 1.0, 0.3]"
142,452,2,0.9866666666666668,10,0.001,"[1.0, 1.0, 1.0, 1.0, 1.0, 0.8666666666666666, 1.0, 1.0, 1.0, 1.0]"
143,452,3,0.8488888888888889,10,0.001,"[0.38888888888888884, 1.0, 1.0, 1.0, 1.0, 1.0, 1.0, 1.0, 0.9, 0.2]"
144,452,4,0.8833333333333334,10,0.001,"[1.0, 0.7333333333333333, 1.0, 1.0, 1.0, 1.0, 1.0, 0.2, 1.0, 0.9]"
145,452,5,0.7733333333333333,10,0.001,"[1.0, 1.0, 1.0, 1.0, 1.0, 0.3333333333333333, 0.4, 1.0, 1.0, 0.0]"
146,452,6,0.9416666666666668,10,0.001,"[0.4166666666666667, 1.0, 1.0, 1.0, 1.0, 1.0, 1.0, 1.0, 1.0, 1.0]"
147,452,7,0.97,10,0.001,"[1.0, 1.0, 1.0, 1.0, 0.9, 0.9, 1.0, 1.0, 1.0, 0.9]"
148,452,8,0.7866666666666666,10,0.001,"[1.0, 1.0, 1.0, 1.0, 0.2, 1.0, 1.0, 0.4666666666666666, 1.0, 0.2]"
149,452,9,0.7150000000000001,10,0.001,"[0.25, 1.0, 0.2, 1.0, 1.0, 0.9, 0.9, 1.0, 0.0, 0.9]"
150,457,0,0.4574074074074074,10,0.001,"[0.6111111111111112, 0.6666666666666666, 0.5555555555555556, 0.25925925925925924, 0.2222222222222222, 0.7777777777777778, 0.2222222222222222, 0.2592592592592593, 0.5, 0.5]"
151,457,1,0.3819444444444444,10,0.001,"[0.5555555555555556, 0.8888888888888888, 0.3888888888888889, 0.19444444444444445, 0.4444444444444444, 0.3888888888888889, 0.4444444444444444, 0.3888888888888889, 0.0, 0.125]"
152,457,2,0.43125,10,0.1,"[0.6666666666666666, 0.2222222222222222, 0.4444444444444444, 0.4444444444444444, 0.05555555555555555, 0.5833333333333334, 0.7777777777777778, 0.2222222222222222, 0.5625, 0.3333333333333333]"
153,457,3,0.4030092592592592,10,0.1,"[0.3703703703703704, 0.3333333333333333, 0.4444444444444444, 0.14814814814814814, 0.5, 0.3333333333333333, 0.4444444444444444, 0.5185185185185186, 0.5, 0.4375]"
154,457,4,0.35,10,0.001,"[0.1111111111111111, 0.2222222222222222, 0.3333333333333333, 0.3333333333333333, 0.3888888888888889, 0.6111111111111112, 0.3333333333333333, 0.6666666666666666, 0.25, 0.25]"
155,457,5,0.3856481481481481,10,0.001,"[0.5555555555555556, 0.5, 0.3888888888888889, 0.5, 0.037037037037037035, 0.4444444444444444, 0.2222222222222222, 0.3333333333333333, 0.375, 0.5]"
156,457,6,0.4344907407407407,10,0.001,"[0.7777777777777778, 0.5925925925925926, 0.4444444444444444, 0.4444444444444444, 0.25925925925925924, 0.3333333333333333, 0.2222222222222222, 0.3333333333333333, 0.3125, 0.625]"
157,457,7,0.3291666666666666,10,0.001,"[0.3333333333333333, 0.3333333333333333, 0.4444444444444444, 0.3333333333333333, 0.037037037037037035, 0.18518518518518517, 0.5, 0.3333333333333333, 0.4166666666666667, 0.375]"
158,457,8,0.4467592592592593,10,0.1,"[0.25925925925925924, 0.1111111111111111, 0.6111111111111112, 0.5555555555555556, 0.16666666666666666, 0.6666666666666666, 0.5555555555555556, 0.3333333333333333, 0.5833333333333334, 0.625]"
159,457,9,0.3856481481481481,10,0.001,"[0.16666666666666666, 0.3888888888888889, 0.5555555555555556, 0.4444444444444444, 0.4444444444444444, 0.14814814814814814, 0.6666666666666666, 0.16666666666666666, 0.375, 0.5]"
160,521,0,0.2033333333333333,10,0.001,"[0.3333333333333333, 0.3333333333333333, 0.2, 0.13333333333333333, 0.1, 0.26666666666666666, 0.2, 0.26666666666666666, 0.2, 0.0]"
161,521,1,0.2455555555555555,10,0.001,"[0.2222222222222222, 0.16666666666666666, 0.6, 0.0, 0.26666666666666666, 0.0, 0.2, 0.5, 0.2, 0.3]"
162,521,2,0.2197222222222222,10,0.001,"[0.3888888888888889, 0.041666666666666664, 0.2, 0.1, 0.0, 0.2, 0.4, 0.0, 0.26666666666666666, 0.6]"
163,521,3,0.2388888888888888,10,0.001,"[0.25, 0.2222222222222222, 0.0, 0.6, 0.05, 0.6666666666666667, 0.1, 0.0, 0.3, 0.2]"
164,521,4,0.2188888888888889,10,0.001,"[0.25, 0.05555555555555555, 0.6, 0.4, 0.25, 0.3, 0.13333333333333333, 0.0, 0.2, 0.0]"
165,521,5,0.2216666666666666,10,0.001,"[0.0, 0.0, 0.1, 0.05, 0.3, 0.2, 0.4, 0.5, 0.26666666666666666, 0.4]"
166,521,6,0.16,10,0.001,"[0.3333333333333333, 0.0, 0.0, 0.5, 0.0, 0.0, 0.2, 0.1, 0.06666666666666667, 0.4]"
167,521,7,0.1866666666666666,10,0.1,"[0.0, 0.3333333333333333, 0.0, 0.2, 0.1, 0.4, 0.06666666666666667, 0.4, 0.2333333333333333, 0.13333333333333333]"
168,521,8,0.2322222222222222,10,0.001,"[0.3333333333333333, 0.3888888888888889, 0.06666666666666667, 0.2, 0.3, 0.3, 0.2, 0.2, 0.2, 0.13333333333333333]"
169,521,9,0.2091666666666666,10,0.001,"[0.25, 0.041666666666666664, 0.4, 0.4, 0.0, 0.3, 0.0, 0.0, 0.6, 0.1]"
170,531,0,0.9017857142857142,10,0.001,"[0.875, 1.0, 1.0, 1.0, 1.0, 0.8571428571428571, 0.2857142857142857, 1.0, 1.0, 1.0]"
171,531,1,0.9571428571428572,10,0.001,"[1.0, 1.0, 1.0, 1.0, 1.0, 0.7142857142857143, 0.8571428571428571, 1.0, 1.0, 1.0]"
172,531,2,0.8071428571428572,10,0.001,"[1.0, 0.75, 0.375, 1.0, 0.375, 1.0, 1.0, 0.7142857142857143, 1.0, 0.8571428571428571]"
173,531,3,1.0,10,0.001,"[1.0, 1.0, 1.0, 1.0, 1.0, 1.0, 1.0, 1.0, 1.0, 1.0]"
174,531,4,0.9303571428571428,10,0.001,"[0.875, 1.0, 1.0, 1.0, 1.0, 0.7142857142857143, 1.0, 1.0, 0.7142857142857143, 1.0]"
175,531,5,0.9589285714285714,10,0.001,"[1.0, 1.0, 0.875, 1.0, 1.0, 1.0, 1.0, 1.0, 1.0, 0.7142857142857143]"
176,531,6,0.90625,10,0.001,"[0.4375, 0.75, 1.0, 0.875, 1.0, 1.0, 1.0, 1.0, 1.0, 1.0]"
177,531,7,1.0,10,0.001,"[1.0, 1.0, 1.0, 1.0, 1.0, 1.0, 1.0, 1.0, 1.0, 1.0]"
178,531,8,0.9375,10,0.001,"[1.0, 1.0, 0.875, 0.75, 0.75, 1.0, 1.0, 1.0, 1.0, 1.0]"
179,531,9,0.9464285714285714,10,0.001,"[1.0, 1.0, 1.0, 1.0, 0.75, 1.0, 1.0, 1.0, 0.7142857142857143, 1.0]"
180,560,0,0.008969298245614,10,0.001,"[0.016666666666666666, 0.016666666666666666, 0.0125, 0.0, 0.0, 0.013157894736842105, 0.0, 0.030701754385964907, 0.0, 0.0]"
181,560,1,0.012938596491228,10,0.001,"[0.041666666666666664, 0.0, 0.0, 0.0, 0.0, 0.017543859649122806, 0.0, 0.0, 0.03508771929824561, 0.03508771929824561]"
182,560,2,0.011219298245614,10,0.1,"[0.008333333333333333, 0.05, 0.01, 0.0, 0.0, 0.02631578947368421, 0.0, 0.017543859649122806, 0.0, 0.0]"
183,560,3,0.0153634085213032,10,0.001,"[0.008333333333333333, 0.025, 0.05, 0.007142857142857143, 0.0, 0.0, 0.0, 0.017543859649122806, 0.028070175438596492, 0.017543859649122806]"
184,560,4,0.0211622807017543,10,0.001,"[0.041666666666666664, 0.0, 0.0, 0.05416666666666666, 0.0, 0.010526315789473684, 0.05263157894736842, 0.0, 0.05263157894736842, 0.0]"
185,560,5,0.0257894736842105,10,0.001,"[0.016666666666666666, 0.008333333333333333, 0.0, 0.0, 0.075, 0.02631578947368421, 0.13157894736842105, 0.0, 0.0, 0.0]"
186,560,6,0.0175657894736842,10,0.001,"[0.0, 0.0125, 0.0, 0.0, 0.06666666666666667, 0.02631578947368421, 0.0, 0.0, 0.017543859649122806, 0.05263157894736842]"
187,560,7,0.0156046365914786,10,0.001,"[0.04047619047619048, 0.0625, 0.0, 0.0125, 0.0125, 0.010526315789473684, 0.0, 0.017543859649122806, 0.0, 0.0]"
188,560,8,0.0244956140350877,10,0.001,"[0.06666666666666667, 0.0, 0.025, 0.0375, 0.0, 0.02631578947368421, 0.03508771929824561, 0.02631578947368421, 0.010526315789473684, 0.017543859649122806]"
189,560,9,0.0184649122807017,10,0.001,"[0.0, 0.025, 0.0, 0.05, 0.0, 0.0, 0.017543859649122806, 0.017543859649122806, 0.0, 0.07456140350877194]"
190,561,0,0.6886904761904763,10,0.05,"[0.9642857142857143, 0.5178571428571429, 0.8571428571428571, 0.75, 0.4642857142857143, 0.5769230769230769, 0.7692307692307693, 0.48717948717948717, 0.8653846153846154, 0.6346153846153846]"
191,561,1,0.7232509157509158,10,0.1,"[0.5892857142857143, 0.9642857142857143, 0.8214285714285714, 0.6904761904761905, 0.9285714285714286, 0.9230769230769231, 0.8076923076923077, 0.5, 0.2692307692307692, 0.7384615384615386]"
192,561,2,0.7463919413919414,10,0.01,"[0.75, 0.8571428571428571, 0.8809523809523808, 0.39285714285714285, 0.8214285714285714, 0.8653846153846154, 0.47692307692307695, 0.7076923076923076, 0.8910256410256411, 0.8205128205128205]"
193,561,3,0.7597985347985347,10,0.001,"[0.8571428571428571, 0.9285714285714286, 0.9523809523809523, 0.738095238095238, 0.25, 0.7692307692307693, 0.9038461538461539, 0.7948717948717949, 0.5576923076923077, 0.8461538461538461]"
194,561,4,0.7936996336996336,10,0.05,"[0.9642857142857143, 0.9464285714285714, 0.8630952380952381, 0.8928571428571429, 0.7857142857142857, 0.7564102564102565, 0.6666666666666666, 0.7051282051282051, 0.6025641025641025, 0.7538461538461539]"
195,561,5,0.6442032967032967,10,0.1,"[0.34285714285714286, 0.5714285714285714, 0.48214285714285715, 0.9166666666666667, 0.7571428571428572, 0.6730769230769231, 0.6153846153846154, 0.7692307692307693, 0.7948717948717949, 0.5192307692307693]"
196,561,6,0.7589743589743589,10,0.05,"[0.8988095238095237, 0.47023809523809523, 0.9047619047619048, 0.6071428571428571, 0.4523809523809524, 0.8461538461538461, 0.8076923076923077, 0.9230769230769231, 0.8076923076923077, 0.8717948717948717]"
197,561,7,0.7331868131868131,10,0.05,"[0.5952380952380952, 0.880952380952381, 0.5928571428571429, 0.9285714285714286, 0.8214285714285714, 0.9038461538461539, 0.7692307692307693, 0.8076923076923077, 0.19230769230769232, 0.8397435897435896]"
198,561,8,0.6883424908424909,10,0.001,"[0.6666666666666666, 0.75, 0.375, 0.39285714285714285, 0.8809523809523808, 0.7948717948717949, 0.9230769230769231, 0.5769230769230769, 0.8307692307692308, 0.6923076923076923]"
199,561,9,0.5748443223443224,10,0.001,"[0.13095238095238096, 0.7142857142857143, 0.7678571428571429, 0.9166666666666667, 0.8571428571428571, 0.6153846153846154, 0.8461538461538461, 0.24615384615384617, 0.19230769230769232, 0.46153846153846156]"
200,565,0,0.9857142857142858,10,0.001,"[1.0, 1.0, 0.8571428571428571, 1.0, 1.0, 1.0, 1.0, 1.0, 1.0, 1.0]"
201,565,1,0.9666666666666666,10,0.001,"[1.0, 1.0, 1.0, 1.0, 1.0, 1.0, 1.0, 0.6666666666666666, 1.0, 1.0]"
202,565,2,0.9666666666666666,10,0.001,"[1.0, 1.0, 1.0, 1.0, 1.0, 1.0, 0.6666666666666666, 1.0, 1.0, 1.0]"
203,565,3,0.9571428571428572,10,0.001,"[1.0, 1.0, 0.5714285714285714, 1.0, 1.0, 1.0, 1.0, 1.0, 1.0, 1.0]"
204,565,4,0.9833333333333334,10,0.001,"[1.0, 1.0, 1.0, 1.0, 1.0, 1.0, 1.0, 0.8333333333333334, 1.0, 1.0]"
205,565,5,0.9666666666666666,10,0.001,"[1.0, 1.0, 1.0, 1.0, 1.0, 1.0, 1.0, 1.0, 1.0, 0.6666666666666666]"
206,565,6,0.9857142857142858,10,0.001,"[1.0, 1.0, 0.8571428571428571, 1.0, 1.0, 1.0, 1.0, 1.0, 1.0, 1.0]"
207,565,7,0.95,10,0.001,"[1.0, 1.0, 1.0, 1.0, 1.0, 1.0, 1.0, 1.0, 1.0, 0.5]"
208,565,8,1.0,10,0.001,"[1.0, 1.0, 1.0, 1.0, 1.0, 1.0, 1.0, 1.0, 1.0, 1.0]"
209,565,9,1.0,10,0.001,"[1.0, 1.0, 1.0, 1.0, 1.0, 1.0, 1.0, 1.0, 1.0, 1.0]"
210,575,0,0.6618888888888889,10,0.001,"[0.5333333333333333, 0.8, 0.5800000000000001, 0.85, 0.75, 0.85, 0.5, 0.2, 0.7777777777777778, 0.7777777777777778]"
211,575,1,0.6594444444444444,10,0.001,"[0.9, 0.9, 0.15, 0.4, 0.8, 0.85, 0.7666666666666666, 0.55, 0.7222222222222222, 0.5555555555555556]"
212,575,2,0.7177777777777778,10,0.001,"[0.35, 0.8, 0.8, 0.8, 0.7, 0.85, 0.9, 0.7, 0.8333333333333334, 0.4444444444444444]"
213,575,3,0.6916666666666667,10,0.001,"[0.7, 0.1, 0.9, 0.8, 0.41666666666666663, 0.9, 0.8, 0.8, 0.6666666666666666, 0.8333333333333334]"
214,575,4,0.6527777777777778,10,0.001,"[0.7, 0.5, 0.4, 0.8, 0.15, 0.9, 0.9, 0.9, 0.8333333333333334, 0.4444444444444444]"
215,575,5,0.7255555555555555,10,0.001,"[0.7, 0.8, 0.8, 0.6, 0.85, 0.8, 0.6, 0.75, 0.5777777777777778, 0.7777777777777778]"
216,575,6,0.5464444444444444,10,0.001,"[0.7, 0.55, 0.6, 0.82, 0.025, 0.325, 0.1, 0.9, 0.6666666666666666, 0.7777777777777778]"
217,575,7,0.6927777777777778,10,0.001,"[0.8, 0.8, 0.4, 0.85, 0.6, 0.9, 0.1, 0.7, 0.7777777777777778, 1.0]"
218,575,8,0.6227777777777778,10,0.001,"[0.0, 0.9, 0.6, 0.6666666666666666, 0.55, 0.8, 0.7, 0.5666666666666667, 0.8888888888888888, 0.5555555555555556]"
219,575,9,0.5752777777777778,10,0.001,"[0.9, 0.25, 1.0, 0.9, 0.5333333333333333, 0.6, 0.525, 0.1, 0.2777777777777778, 0.6666666666666666]"
220,597,0,0.8849206349206348,10,0.001,"[0.9047619047619049, 0.875, 0.9166666666666666, 1.0, 0.8333333333333334, 1.0, 1.0, 0.8333333333333334, 0.875, 0.611111111111111]"
221,597,1,0.7205555555555556,10,0.001,"[1.0, 0.8333333333333334, 0.8333333333333334, 0.8333333333333334, 0.6666666666666666, 0.06666666666666667, 0.9166666666666666, 1.0, 0.16666666666666666, 0.888888888888889]"
222,597,2,0.7678174603174603,10,0.001,"[0.7142857142857143, 0.5333333333333333, 0.8333333333333334, 0.875, 0.8333333333333334, 0.8888888888888888, 0.6666666666666666, 0.5, 0.8333333333333334, 1.0]"
223,597,3,0.762936507936508,10,0.001,"[0.8571428571428571, 0.16666666666666666, 0.8333333333333334, 0.7999999999999999, 0.8333333333333334, 0.8333333333333334, 0.5555555555555555, 0.875, 1.0, 0.875]"
224,597,4,0.7168650793650794,10,0.001,"[0.9047619047619048, 1.0, 0.8055555555555555, 1.0, 0.6666666666666666, 0.5, 0.0, 0.875, 0.4166666666666667, 1.0]"
225,597,5,0.7021825396825397,10,0.001,"[0.619047619047619, 0.8888888888888888, 0.5833333333333334, 0.4166666666666667, 0.8333333333333334, 0.3333333333333333, 0.875, 1.0, 0.9166666666666666, 0.5555555555555556]"
226,597,6,0.8420634920634921,10,0.001,"[0.8095238095238095, 0.8333333333333334, 0.7777777777777777, 0.8333333333333334, 1.0, 0.8333333333333334, 0.4166666666666667, 1.0, 0.9166666666666666, 1.0]"
227,597,7,0.7472222222222222,10,0.001,"[0.0, 0.8888888888888888, 0.9166666666666666, 0.8888888888888888, 1.0, 0.6666666666666666, 0.8888888888888888, 1.0, 0.8888888888888888, 0.3333333333333333]"
228,597,8,0.8027777777777778,10,0.001,"[1.0, 0.8333333333333334, 0.3, 1.0, 0.7000000000000001, 1.0, 0.5555555555555555, 0.75, 1.0, 0.8888888888888888]"
229,597,9,0.7428571428571428,10,0.001,"[0.9285714285714286, 0.5, 0.7777777777777778, 0.8333333333333334, 0.27777777777777773, 1.0, 0.27777777777777773, 1.0, 0.8333333333333334, 1.0]"
