,vehicle_id,repeat,fold,precision,best_alpha
0,181,0,0,0.7916666666666666,0.001
1,181,0,1,0.8055555555555556,0.001
2,181,0,2,0.8,0.001
3,181,0,3,0.7916666666666666,0.001
4,181,0,4,0.7708333333333334,0.001
5,181,0,5,0.78125,0.001
6,181,0,6,0.7708333333333334,0.001
7,181,0,7,0.7916666666666666,0.001
8,181,0,8,1.0,0.001
9,181,0,9,0.7916666666666666,0.001
10,181,1,0,0.8,0.001
11,181,1,1,0.6190476190476191,0.001
12,181,1,2,0.6296296296296295,0.001
13,181,1,3,1.0,0.001
14,181,1,4,1.0,0.001
15,181,1,5,0.775,0.001
16,181,1,6,0.6666666666666666,0.001
17,181,1,7,0.53125,0.001
18,181,1,8,1.0,0.001
19,181,1,9,1.0,0.001
20,181,2,0,1.0,0.001
21,181,2,1,0.7936507936507936,0.001
22,181,2,2,1.0,0.001
23,181,2,3,0.775,0.001
24,181,2,4,0.6,0.001
25,181,2,5,0.625,0.001
26,181,2,6,1.0,0.001
27,181,2,7,0.6,0.001
28,181,2,8,0.78125,0.001
29,181,2,9,1.0,0.001
30,181,3,0,1.0,0.001
31,181,3,1,0.4583333333333333,0.001
32,181,3,2,1.0,0.001
33,181,3,3,0.75,0.001
34,181,3,4,1.0,0.001
35,181,3,5,0.6,0.001
36,181,3,6,1.0,0.001
37,181,3,7,1.0,0.001
38,181,3,8,0.53125,0.001
39,181,3,9,0.775,0.001
40,181,4,0,0.5,0.001
41,181,4,1,1.0,0.001
42,181,4,2,0.7936507936507936,0.001
43,181,4,3,0.4107142857142857,0.001
44,181,4,4,1.0,0.001
45,181,4,5,1.0,0.001
46,181,4,6,0.7916666666666666,0.001
47,181,4,7,0.7916666666666666,0.001
48,181,4,8,1.0,0.001
49,181,4,9,1.0,0.001
50,181,5,0,0.8,0.001
51,181,5,1,0.8,0.001
52,181,5,2,1.0,0.001
53,181,5,3,0.775,0.001
54,181,5,4,0.6666666666666666,0.001
55,181,5,5,0.7678571428571428,0.001
56,181,5,6,1.0,0.001
57,181,5,7,0.775,0.001
58,181,5,8,1.0,0.001
59,181,5,9,0.625,0.001
60,181,6,0,0.6111111111111112,0.001
61,181,6,1,0.8,0.001
62,181,6,2,0.8055555555555556,0.001
63,181,6,3,0.78125,0.001
64,181,6,4,0.5833333333333333,0.001
65,181,6,5,0.775,0.001
66,181,6,6,1.0,0.001
67,181,6,7,1.0,0.001
68,181,6,8,0.7708333333333334,0.001
69,181,6,9,1.0,0.001
70,181,7,0,1.0,0.001
71,181,7,1,0.8,0.001
72,181,7,2,0.8055555555555556,0.001
73,181,7,3,0.7916666666666666,0.001
74,181,7,4,0.7708333333333334,0.001
75,181,7,5,0.7678571428571428,0.001
76,181,7,6,0.7916666666666666,0.001
77,181,7,7,0.8125,0.001
78,181,7,8,0.7708333333333334,0.001
79,181,7,9,0.775,0.001
80,181,8,0,0.6190476190476191,0.001
81,181,8,1,1.0,0.001
82,181,8,2,0.8,0.001
83,181,8,3,0.7678571428571428,0.001
84,181,8,4,0.7916666666666666,0.001
85,181,8,5,0.6,0.001
86,181,8,6,0.8125,0.001
87,181,8,7,1.0,0.001
88,181,8,8,1.0,0.001
89,181,8,9,0.775,0.001
90,181,9,0,1.0,0.001
91,181,9,1,0.6444444444444444,0.001
92,181,9,2,0.6296296296296295,0.001
93,181,9,3,1.0,0.001
94,181,9,4,0.78125,0.001
95,181,9,5,0.775,0.001
96,181,9,6,0.78125,0.001
97,181,9,7,0.7708333333333334,0.001
98,181,9,8,0.7708333333333334,0.001
99,181,9,9,1.0,0.001
100,185,0,0,0.25,0.001
101,185,0,1,0.5625,0.001
102,185,0,2,0.4125,0.001
103,185,0,3,0.2857142857142857,0.001
104,185,0,4,0.78125,0.001
105,185,0,5,0.4375,0.001
106,185,0,6,0.25,0.001
107,185,0,7,0.25,0.001
108,185,0,8,0.4642857142857143,0.001
109,185,0,9,0.5428571428571428,0.001
110,185,1,0,0.6666666666666666,0.001
111,185,1,1,0.4375,0.001
112,185,1,2,0.775,0.001
113,185,1,3,0.140625,0.001
114,185,1,4,0.475,0.001
115,185,1,5,0.5833333333333333,0.001
116,185,1,6,0.6,0.001
117,185,1,7,0.475,0.001
118,185,1,8,0.3928571428571428,0.001
119,185,1,9,0.5714285714285714,0.001
120,185,2,0,0.4125,0.001
121,185,2,1,0.5625,0.001
122,185,2,2,0.0178571428571428,0.001
123,185,2,3,0.2708333333333333,0.001
124,185,2,4,0.4375,0.001
125,185,2,5,0.4375,0.001
126,185,2,6,0.1416666666666666,0.001
127,185,2,7,0.1607142857142857,0.001
128,185,2,8,0.9285714285714286,0.001
129,185,2,9,0.3999999999999999,0.001
130,185,3,0,0.5833333333333333,0.001
131,185,3,1,0.4375,0.001
132,185,3,2,0.475,0.001
133,185,3,3,0.6,0.001
134,185,3,4,0.4375,0.001
135,185,3,5,0.475,0.001
136,185,3,6,0.2666666666666666,0.001
137,185,3,7,0.2666666666666666,0.001
138,185,3,8,0.6785714285714286,0.001
139,185,3,9,0.4285714285714285,0.001
140,185,4,0,0.3916666666666666,0.001
141,185,4,1,0.5833333333333333,0.001
142,185,4,2,0.1964285714285714,0.001
143,185,4,3,0.375,0.001
144,185,4,4,0.53125,0.001
145,185,4,5,0.4375,0.001
146,185,4,6,0.53125,0.001
147,185,4,7,0.25,0.001
148,185,4,8,0.1857142857142857,0.001
149,185,4,9,0.2261904761904762,0.001
150,185,5,0,0.4125,0.001
151,185,5,1,0.6666666666666666,0.001
152,185,5,2,0.6,0.001
153,185,5,3,0.4107142857142857,0.001
154,185,5,4,0.4107142857142857,0.001
155,185,5,5,0.1875,0.001
156,185,5,6,0.2857142857142857,0.001
157,185,5,7,0.6041666666666666,0.001
158,185,5,8,0.2857142857142857,0.001
159,185,5,9,0.7428571428571429,0.001
160,185,6,0,0.5714285714285714,0.001
161,185,6,1,0.2666666666666666,0.001
162,185,6,2,0.4107142857142857,0.001
163,185,6,3,0.35,0.001
164,185,6,4,0.4375,0.001
165,185,6,5,0.3125,0.001
166,185,6,6,0.6,0.001
167,185,6,7,0.1458333333333333,0.001
168,185,6,8,0.238095238095238,0.001
169,185,6,9,0.7142857142857143,0.001
170,185,7,0,0.1416666666666666,0.001
171,185,7,1,0.4416666666666667,0.001
172,185,7,2,0.2857142857142857,0.001
173,185,7,3,0.6041666666666666,0.001
174,185,7,4,0.4375,0.001
175,185,7,5,0.3333333333333333,0.001
176,185,7,6,0.625,0.001
177,185,7,7,0.6,0.001
178,185,7,8,0.5428571428571428,0.001
179,185,7,9,0.3999999999999999,0.001
180,185,8,0,0.4375,0.001
181,185,8,1,0.625,0.001
182,185,8,2,0.5625,0.001
183,185,8,3,0.4375,0.001
184,185,8,4,0.2249999999999999,0.001
185,185,8,5,0.3333333333333333,0.001
186,185,8,6,0.7291666666666666,0.001
187,185,8,7,0.2708333333333333,0.001
188,185,8,8,0.5238095238095238,0.001
189,185,8,9,0.5428571428571428,0.001
190,185,9,0,0.9375,0.001
191,185,9,1,0.1458333333333333,0.001
192,185,9,2,0.5416666666666667,0.001
193,185,9,3,0.475,0.001
194,185,9,4,0.3333333333333333,0.001
195,185,9,5,0.2857142857142857,0.001
196,185,9,6,0.25,0.001
197,185,9,7,0.5833333333333333,0.001
198,185,9,8,0.5714285714285714,0.001
199,185,9,9,0.5714285714285714,0.001
200,223,0,0,0.625,0.001
201,223,0,1,0.4055944055944055,0.001
202,223,0,2,0.2657342657342657,0.001
203,223,0,3,0.4055944055944055,0.001
204,223,0,4,0.5076923076923077,0.001
205,223,0,5,0.3286713286713286,0.001
206,223,0,6,0.7307692307692307,0.001
207,223,0,7,0.5076923076923077,0.001
208,223,0,8,0.4957264957264957,0.001
209,223,0,9,0.4230769230769231,0.001
210,223,1,0,0.3181818181818182,0.001
211,223,1,1,0.7307692307692307,0.001
212,223,1,2,0.3286713286713286,0.001
213,223,1,3,0.7202797202797202,0.001
214,223,1,4,0.2657342657342657,0.001
215,223,1,5,0.7307692307692307,0.001
216,223,1,6,0.6013986013986015,0.001
217,223,1,7,0.4965034965034964,0.001
218,223,1,8,0.7264957264957265,0.001
219,223,1,9,0.1794871794871794,0.001
220,223,2,0,0.448051948051948,0.001
221,223,2,1,0.5076923076923077,0.001
222,223,2,2,0.2899408284023668,0.001
223,223,2,3,0.8571428571428571,0.001
224,223,2,4,0.3286713286713286,0.001
225,223,2,5,0.4965034965034964,0.001
226,223,2,6,0.4230769230769231,0.001
227,223,2,7,0.4230769230769231,0.001
228,223,2,8,0.7230769230769231,0.001
229,223,2,9,0.4230769230769231,0.001
230,223,3,0,0.65,0.001
231,223,3,1,0.3538461538461538,0.001
232,223,3,2,0.7230769230769231,0.001
233,223,3,3,0.7230769230769231,0.001
234,223,3,4,0.1346153846153846,0.001
235,223,3,5,0.4230769230769231,0.001
236,223,3,6,0.3286713286713286,0.001
237,223,3,7,0.7230769230769231,0.001
238,223,3,8,0.4230769230769231,0.001
239,223,3,9,0.4230769230769231,0.001
240,223,4,0,0.625,0.001
241,223,4,1,0.1479289940828402,0.001
242,223,4,2,0.4475524475524475,0.001
243,223,4,3,0.4055944055944055,0.001
244,223,4,4,0.4055944055944055,0.001
245,223,4,5,0.8557692307692307,0.001
246,223,4,6,0.5213675213675214,0.001
247,223,4,7,0.6373626373626373,0.001
248,223,4,8,0.5076923076923077,0.001
249,223,4,9,0.2657342657342657,0.001
250,223,5,0,0.6517857142857143,0.001
251,223,5,1,0.3910256410256411,0.001
252,223,5,2,0.6076923076923076,0.001
253,223,5,3,0.4055944055944055,0.001
254,223,5,4,0.2905982905982905,0.001
255,223,5,5,0.7264957264957265,0.001
256,223,5,6,0.2130177514792899,0.001
257,223,5,7,0.4055944055944055,0.001
258,223,5,8,0.8538461538461538,0.001
259,223,5,9,0.3,0.001
260,223,6,0,0.4642857142857143,0.001
261,223,6,1,0.5076923076923077,0.001
262,223,6,2,0.6076923076923076,0.001
263,223,6,3,0.2657342657342657,0.001
264,223,6,4,0.5213675213675214,0.001
265,223,6,5,0.5076923076923077,0.001
266,223,6,6,0.4965034965034964,0.001
267,223,6,7,0.4230769230769231,0.001
268,223,6,8,0.6013986013986015,0.001
269,223,6,9,0.4965034965034964,0.001
270,223,7,0,0.5324675324675324,0.001
271,223,7,1,0.6153846153846154,0.001
272,223,7,2,0.7202797202797202,0.001
273,223,7,3,0.3286713286713286,0.001
274,223,7,4,0.8538461538461538,0.001
275,223,7,5,0.5213675213675214,0.001
276,223,7,6,0.3910256410256411,0.001
277,223,7,7,0.3418803418803419,0.001
278,223,7,8,0.2657342657342657,0.001
279,223,7,9,0.5076923076923077,0.001
280,223,8,0,0.3766233766233766,0.001
281,223,8,1,0.4055944055944055,0.001
282,223,8,2,0.6013986013986015,0.001
283,223,8,3,0.6076923076923076,0.001
284,223,8,4,0.6013986013986015,0.001
285,223,8,5,0.4055944055944055,0.001
286,223,8,6,0.5076923076923077,0.001
287,223,8,7,0.3942307692307692,0.001
288,223,8,8,0.591715976331361,0.001
289,223,8,9,0.5604395604395604,0.001
290,223,9,0,0.4642857142857143,0.001
291,223,9,1,0.3,0.001
292,223,9,2,0.6076923076923076,0.001
293,223,9,3,0.6153846153846154,0.001
294,223,9,4,0.5961538461538461,0.001
295,223,9,5,0.4711538461538461,0.001
296,223,9,6,0.4792899408284023,0.001
297,223,9,7,0.3846153846153846,0.001
298,223,9,8,0.3910256410256411,0.001
299,223,9,9,0.7230769230769231,0.001
300,231,0,0,0.2,0.001
301,231,0,1,0.1,0.001
302,231,0,2,0.8,0.001
303,231,0,3,0.1,0.001
304,231,0,4,0.2666666666666666,0.001
305,231,0,5,0.7,0.001
306,231,0,6,0.2,0.001
307,231,0,7,0.3666666666666666,0.001
308,231,0,8,0.25,0.001
309,231,0,9,0.1666666666666666,0.001
310,231,1,0,0.0,0.001
311,231,1,1,0.1,0.001
312,231,1,2,0.2,0.001
313,231,1,3,0.6,0.001
314,231,1,4,0.6666666666666666,0.001
315,231,1,5,0.0666666666666666,0.001
316,231,1,6,0.36,0.001
317,231,1,7,0.2666666666666666,0.001
318,231,1,8,0.6,0.001
319,231,1,9,0.16,0.001
320,231,2,0,0.4666666666666667,0.001
321,231,2,1,0.2666666666666666,0.001
322,231,2,2,0.3333333333333333,0.001
323,231,2,3,0.7,0.001
324,231,2,4,0.25,0.001
325,231,2,5,0.64,0.001
326,231,2,6,0.04,0.001
327,231,2,7,0.3666666666666666,0.001
328,231,2,8,0.6,0.001
329,231,2,9,0.1666666666666666,0.001
330,231,3,0,1.0,0.001
331,231,3,1,0.1333333333333333,0.001
332,231,3,2,0.0,0.001
333,231,3,3,0.3,0.001
334,231,3,4,0.0666666666666666,0.001
335,231,3,5,0.3666666666666666,0.001
336,231,3,6,0.1666666666666666,0.001
337,231,3,7,0.2,0.001
338,231,3,8,0.2,0.001
339,231,3,9,0.4,0.001
340,231,4,0,0.45,0.001
341,231,4,1,0.6,0.001
342,231,4,2,0.6666666666666666,0.001
343,231,4,3,0.0666666666666666,0.001
344,231,4,4,0.05,0.001
345,231,4,5,0.05,0.001
346,231,4,6,0.4666666666666666,0.001
347,231,4,7,0.2,0.001
348,231,4,8,0.36,0.001
349,231,4,9,0.4,0.001
350,231,5,0,0.05,0.001
351,231,5,1,0.1,0.001
352,231,5,2,0.0,0.001
353,231,5,3,0.2,0.001
354,231,5,4,0.0666666666666666,0.001
355,231,5,5,0.36,0.001
356,231,5,6,0.36,0.001
357,231,5,7,0.6666666666666666,0.001
358,231,5,8,0.0,0.001
359,231,5,9,1.0,0.001
360,231,6,0,0.6,0.001
361,231,6,1,0.16,0.001
362,231,6,2,0.6,0.001
363,231,6,3,0.4,0.001
364,231,6,4,0.0,0.001
365,231,6,5,0.1666666666666666,0.001
366,231,6,6,0.4666666666666666,0.001
367,231,6,7,0.2,0.001
368,231,6,8,0.1666666666666666,0.001
369,231,6,9,0.6,0.001
370,231,7,0,0.4,0.001
371,231,7,1,0.3333333333333333,0.001
372,231,7,2,0.16,0.001
373,231,7,3,0.05,0.001
374,231,7,4,0.3666666666666666,0.001
375,231,7,5,1.0,0.001
376,231,7,6,0.1666666666666666,0.001
377,231,7,7,0.4666666666666667,0.001
378,231,7,8,0.2,0.001
379,231,7,9,0.4,0.001
380,231,8,0,0.4,0.001
381,231,8,1,0.0,0.001
382,231,8,2,0.25,0.001
383,231,8,3,0.0666666666666666,0.001
384,231,8,4,0.65,0.001
385,231,8,5,0.0,0.001
386,231,8,6,0.2666666666666666,0.001
387,231,8,7,0.65,0.001
388,231,8,8,0.7,0.001
389,231,8,9,0.4,0.001
390,231,9,0,0.6666666666666666,0.001
391,231,9,1,0.25,0.001
392,231,9,2,0.0,0.001
393,231,9,3,0.65,0.001
394,231,9,4,0.0666666666666666,0.001
395,231,9,5,0.2666666666666666,0.001
396,231,9,6,0.4,0.001
397,231,9,7,0.0666666666666666,0.001
398,231,9,8,0.8,0.001
399,231,9,9,0.2666666666666666,0.001
400,276,0,0,0.4444444444444444,0.001
401,276,0,1,0.7416666666666667,0.001
402,276,0,2,0.5571428571428572,0.001
403,276,0,3,0.7178571428571429,0.001
404,276,0,4,0.1904761904761904,0.001
405,276,0,5,0.4642857142857143,0.001
406,276,0,6,0.6333333333333334,0.001
407,276,0,7,0.4285714285714285,0.001
408,276,0,8,0.5803571428571429,0.001
409,276,0,9,0.2163265306122448,0.001
410,276,1,0,0.48,0.001
411,276,1,1,0.6533333333333334,0.001
412,276,1,2,0.7232142857142857,0.001
413,276,1,3,0.6690476190476191,0.001
414,276,1,4,0.6632653061224489,0.001
415,276,1,5,0.5238095238095238,0.001
416,276,1,6,0.4583333333333333,0.001
417,276,1,7,0.1238095238095238,0.001
418,276,1,8,0.7698412698412699,0.001
419,276,1,9,0.4841269841269841,0.001
420,276,2,0,0.5904761904761905,0.001
421,276,2,1,0.3928571428571428,0.001
422,276,2,2,0.1887755102040816,0.001
423,276,2,3,0.3714285714285714,0.001
424,276,2,4,0.8061224489795917,0.001
425,276,2,5,0.6428571428571429,0.001
426,276,2,6,0.7232142857142857,0.001
427,276,2,7,0.2785714285714286,0.001
428,276,2,8,0.2678571428571428,0.001
429,276,2,9,0.3333333333333333,0.001
430,276,3,0,0.5333333333333333,0.001
431,276,3,1,0.5911111111111111,0.001
432,276,3,2,0.3809523809523809,0.001
433,276,3,3,0.6904761904761906,0.001
434,276,3,4,0.3954081632653061,0.001
435,276,3,5,0.4642857142857143,0.001
436,276,3,6,0.3714285714285714,0.001
437,276,3,7,0.4543650793650793,0.001
438,276,3,8,0.5976190476190476,0.001
439,276,3,9,0.8571428571428571,0.001
440,276,4,0,0.5295238095238095,0.001
441,276,4,1,0.5416666666666666,0.001
442,276,4,2,0.8095238095238094,0.001
443,276,4,3,0.4761904761904762,0.001
444,276,4,4,0.5850340136054422,0.001
445,276,4,5,0.7000000000000001,0.001
446,276,4,6,0.4791666666666666,0.001
447,276,4,7,0.4126984126984127,0.001
448,276,4,8,0.2012987012987013,0.001
449,276,4,9,0.7232142857142857,0.001
450,276,5,0,0.5371428571428571,0.001
451,276,5,1,0.64,0.001
452,276,5,2,0.5142857142857143,0.001
453,276,5,3,0.4851190476190476,0.001
454,276,5,4,0.5793650793650793,0.001
455,276,5,5,0.4863945578231292,0.001
456,276,5,6,0.826530612244898,0.001
457,276,5,7,0.6683673469387755,0.001
458,276,5,8,0.4214285714285714,0.001
459,276,5,9,0.2045454545454545,0.001
460,276,6,0,0.7,0.001
461,276,6,1,0.562962962962963,0.001
462,276,6,2,0.413265306122449,0.001
463,276,6,3,0.4964285714285714,0.001
464,276,6,4,0.0952380952380952,0.001
465,276,6,5,0.5892857142857143,0.001
466,276,6,6,0.6107142857142858,0.001
467,276,6,7,0.5089285714285714,0.001
468,276,6,8,0.6870748299319728,0.001
469,276,6,9,0.244047619047619,0.001
470,276,7,0,0.7666666666666667,0.001
471,276,7,1,0.7022222222222222,0.001
472,276,7,2,0.55,0.001
473,276,7,3,0.5,0.001
474,276,7,4,0.5959183673469388,0.001
475,276,7,5,0.4841269841269841,0.001
476,276,7,6,0.2928571428571428,0.001
477,276,7,7,0.525,0.001
478,276,7,8,0.3999999999999999,0.001
479,276,7,9,0.5642857142857143,0.001
480,276,8,0,0.4314814814814814,0.001
481,276,8,1,0.2242424242424242,0.001
482,276,8,2,0.5785714285714285,0.001
483,276,8,3,0.8061224489795917,0.001
484,276,8,4,0.4603174603174603,0.001
485,276,8,5,0.6269841269841271,0.001
486,276,8,6,0.425,0.001
487,276,8,7,0.5357142857142857,0.001
488,276,8,8,0.6214285714285713,0.001
489,276,8,9,0.5892857142857143,0.001
490,276,9,0,0.4238095238095238,0.001
491,276,9,1,0.5666666666666667,0.001
492,276,9,2,0.5974025974025974,0.001
493,276,9,3,0.6875,0.001
494,276,9,4,0.655952380952381,0.001
495,276,9,5,0.6571428571428571,0.001
496,276,9,6,0.5142857142857143,0.001
497,276,9,7,0.2142857142857142,0.001
498,276,9,8,0.5892857142857143,0.001
499,276,9,9,0.45,0.001
500,283,0,0,0.7222222222222222,0.001
501,283,0,1,0.0,0.001
502,283,0,2,1.0,0.001
503,283,0,3,0.65,0.001
504,283,0,4,0.6666666666666666,0.001
505,283,0,5,0.4666666666666667,0.001
506,283,0,6,0.2,0.001
507,283,0,7,0.3,0.001
508,283,0,8,1.0,0.001
509,283,0,9,0.4,0.001
510,283,1,0,0.3888888888888889,0.001
511,283,1,1,1.0,0.001
512,283,1,2,0.4666666666666667,0.001
513,283,1,3,0.6,0.001
514,283,1,4,0.4,0.001
515,283,1,5,0.7,0.001
516,283,1,6,0.3666666666666666,0.001
517,283,1,7,0.05,0.001
518,283,1,8,0.6666666666666666,0.001
519,283,1,9,0.1666666666666666,0.001
520,283,2,0,0.4444444444444444,0.001
521,283,2,1,0.6666666666666667,0.001
522,283,2,2,0.05,0.001
523,283,2,3,0.04,0.001
524,283,2,4,0.9,0.001
525,283,2,5,0.3,0.001
526,283,2,6,0.2,0.001
527,283,2,7,0.6666666666666666,0.001
528,283,2,8,1.0,0.001
529,283,2,9,0.6666666666666667,0.001
530,283,3,0,0.9166666666666666,0.001
531,283,3,1,0.6,0.001
532,283,3,2,0.4666666666666667,0.001
533,283,3,3,0.5,0.001
534,283,3,4,1.0,0.001
535,283,3,5,1.0,0.001
536,283,3,6,0.25,0.001
537,283,3,7,0.2666666666666666,0.001
538,283,3,8,0.1666666666666666,0.001
539,283,3,9,0.0,0.001
540,283,4,0,0.0555555555555555,0.001
541,283,4,1,1.0,0.001
542,283,4,2,0.2666666666666666,0.001
543,283,4,3,0.4,0.001
544,283,4,4,0.85,0.001
545,283,4,5,0.9,0.001
546,283,4,6,0.2333333333333333,0.001
547,283,4,7,0.04,0.001
548,283,4,8,0.2666666666666666,0.001
549,283,4,9,0.6666666666666666,0.001
550,283,5,0,0.3333333333333333,0.001
551,283,5,1,0.16,0.001
552,283,5,2,0.65,0.001
553,283,5,3,0.65,0.001
554,283,5,4,0.65,0.001
555,283,5,5,0.1,0.001
556,283,5,6,0.3666666666666666,0.001
557,283,5,7,0.4666666666666666,0.001
558,283,5,8,0.7,0.001
559,283,5,9,1.0,0.001
560,283,6,0,0.7222222222222222,0.001
561,283,6,1,0.25,0.001
562,283,6,2,0.65,0.001
563,283,6,3,0.65,0.001
564,283,6,4,0.05,0.001
565,283,6,5,0.4666666666666666,0.001
566,283,6,6,0.4666666666666667,0.001
567,283,6,7,0.8666666666666666,0.001
568,283,6,8,0.6666666666666666,0.001
569,283,6,9,0.4,0.001
570,283,7,0,0.5,0.001
571,283,7,1,0.6,0.001
572,283,7,2,0.7,0.001
573,283,7,3,0.2666666666666666,0.001
574,283,7,4,0.4666666666666666,0.001
575,283,7,5,0.6,0.001
576,283,7,6,0.2666666666666666,0.001
577,283,7,7,0.8666666666666666,0.001
578,283,7,8,0.8666666666666666,0.001
579,283,7,9,0.8,0.001
580,283,8,0,0.3055555555555555,0.001
581,283,8,1,0.8,0.001
582,283,8,2,0.4,0.001
583,283,8,3,0.2666666666666666,0.001
584,283,8,4,0.1,0.001
585,283,8,5,0.7,0.001
586,283,8,6,0.65,0.001
587,283,8,7,0.7,0.001
588,283,8,8,0.6,0.001
589,283,8,9,0.8,0.001
590,283,9,0,0.4166666666666667,0.001
591,283,9,1,0.6666666666666667,0.001
592,283,9,2,0.2,0.001
593,283,9,3,0.5,0.001
594,283,9,4,0.4,0.001
595,283,9,5,0.3,0.001
596,283,9,6,0.8,0.001
597,283,9,7,0.8,0.001
598,283,9,8,0.9,0.001
599,283,9,9,0.4,0.001
600,292,0,0,1.0,0.001
601,292,0,1,0.7,0.001
602,292,0,2,1.0,0.001
603,292,0,3,1.0,0.001
604,292,0,4,0.7,0.001
605,292,0,5,0.7,0.001
606,292,0,6,0.7,0.001
607,292,0,7,0.4666666666666667,0.001
608,292,0,8,0.8,0.001
609,292,0,9,1.0,0.001
610,292,1,0,0.8,0.001
611,292,1,1,0.6666666666666666,0.001
612,292,1,2,1.0,0.001
613,292,1,3,1.0,0.001
614,292,1,4,1.0,0.001
615,292,1,5,1.0,0.001
616,292,1,6,0.36,0.001
617,292,1,7,0.6,0.001
618,292,1,8,0.7,0.001
619,292,1,9,1.0,0.001
620,292,2,0,0.6666666666666666,0.001
621,292,2,1,0.6666666666666666,0.001
622,292,2,2,1.0,0.001
623,292,2,3,0.6666666666666666,0.001
624,292,2,4,1.0,0.001
625,292,2,5,1.0,0.001
626,292,2,6,1.0,0.001
627,292,2,7,0.4666666666666667,0.001
628,292,2,8,0.6666666666666666,0.001
629,292,2,9,0.6666666666666666,0.001
630,292,3,0,1.0,0.001
631,292,3,1,1.0,0.001
632,292,3,2,0.7,0.001
633,292,3,3,0.25,0.001
634,292,3,4,1.0,0.001
635,292,3,5,1.0,0.001
636,292,3,6,0.6,0.001
637,292,3,7,1.0,0.001
638,292,3,8,0.8,0.001
639,292,3,9,0.4,0.001
640,292,4,0,0.8,0.001
641,292,4,1,0.8,0.001
642,292,4,2,0.6666666666666666,0.001
643,292,4,3,0.7,0.001
644,292,4,4,0.8,0.001
645,292,4,5,1.0,0.001
646,292,4,6,0.65,0.001
647,292,4,7,0.6666666666666666,0.001
648,292,4,8,1.0,0.001
649,292,4,9,1.0,0.001
650,292,5,0,1.0,0.001
651,292,5,1,1.0,0.001
652,292,5,2,1.0,0.001
653,292,5,3,0.7,0.001
654,292,5,4,0.4,0.001
655,292,5,5,1.0,0.001
656,292,5,6,1.0,0.001
657,292,5,7,0.6666666666666666,0.001
658,292,5,8,0.6666666666666666,0.001
659,292,5,9,0.7,0.001
660,292,6,0,0.6,0.001
661,292,6,1,1.0,0.001
662,292,6,2,1.0,0.001
663,292,6,3,0.65,0.001
664,292,6,4,0.4666666666666667,0.001
665,292,6,5,1.0,0.001
666,292,6,6,1.0,0.001
667,292,6,7,0.65,0.001
668,292,6,8,0.6,0.001
669,292,6,9,0.8,0.001
670,292,7,0,1.0,0.001
671,292,7,1,1.0,0.001
672,292,7,2,1.0,0.001
673,292,7,3,0.8,0.001
674,292,7,4,0.7,0.001
675,292,7,5,1.0,0.001
676,292,7,6,0.7,0.001
677,292,7,7,0.4666666666666667,0.001
678,292,7,8,0.4,0.001
679,292,7,9,1.0,0.001
680,292,8,0,0.4666666666666667,0.001
681,292,8,1,0.7,0.001
682,292,8,2,1.0,0.001
683,292,8,3,1.0,0.001
684,292,8,4,0.8,0.001
685,292,8,5,0.6666666666666666,0.001
686,292,8,6,0.8,0.001
687,292,8,7,1.0,0.001
688,292,8,8,1.0,0.001
689,292,8,9,0.65,0.001
690,292,9,0,0.7,0.001
691,292,9,1,1.0,0.001
692,292,9,2,0.7,0.001
693,292,9,3,1.0,0.001
694,292,9,4,0.7,0.001
695,292,9,5,1.0,0.001
696,292,9,6,1.0,0.001
697,292,9,7,0.4,0.001
698,292,9,8,0.65,0.001
699,292,9,9,1.0,0.001
700,309,0,0,0.5,0.001
701,309,0,1,0.911111111111111,0.001
702,309,0,2,0.7777777777777778,0.001
703,309,0,3,0.6296296296296295,0.001
704,309,0,4,0.365079365079365,0.001
705,309,0,5,1.0,0.001
706,309,0,6,0.1611111111111111,0.001
707,309,0,7,0.1507936507936508,0.001
708,309,0,8,0.6296296296296295,0.001
709,309,0,9,0.375,0.001
710,309,1,0,0.7777777777777778,0.001
711,309,1,1,0.8148148148148148,0.001
712,309,1,2,0.5277777777777778,0.001
713,309,1,3,0.4761904761904761,0.001
714,309,1,4,0.7555555555555555,0.001
715,309,1,5,0.5873015873015873,0.001
716,309,1,6,0.3888888888888889,0.001
717,309,1,7,0.1666666666666666,0.001
718,309,1,8,0.4523809523809523,0.001
719,309,1,9,0.1666666666666666,0.001
720,309,2,0,0.6944444444444444,0.001
721,309,2,1,0.4583333333333333,0.001
722,309,2,2,0.6444444444444444,0.001
723,309,2,3,0.365079365079365,0.001
724,309,2,4,0.6296296296296297,0.001
725,309,2,5,0.5925925925925926,0.001
726,309,2,6,0.6296296296296297,0.001
727,309,2,7,0.4444444444444444,0.001
728,309,2,8,0.5,0.001
729,309,2,9,0.25,0.001
730,309,3,0,0.6444444444444444,0.001
731,309,3,1,0.6296296296296295,0.001
732,309,3,2,0.2037037037037037,0.001
733,309,3,3,0.4814814814814814,0.001
734,309,3,4,0.1666666666666666,0.001
735,309,3,5,0.3333333333333333,0.001
736,309,3,6,1.0,0.001
737,309,3,7,0.6111111111111112,0.001
738,309,3,8,0.4666666666666667,0.001
739,309,3,9,0.9,0.001
740,309,4,0,0.7222222222222222,0.001
741,309,4,1,0.4761904761904761,0.001
742,309,4,2,0.5333333333333333,0.001
743,309,4,3,0.3888888888888889,0.001
744,309,4,4,0.6190476190476191,0.001
745,309,4,5,0.6666666666666666,0.001
746,309,4,6,0.4444444444444444,0.001
747,309,4,7,0.2777777777777778,0.001
748,309,4,8,0.4583333333333333,0.001
749,309,4,9,0.3214285714285714,0.001
750,309,5,0,0.7555555555555555,0.001
751,309,5,1,0.7222222222222222,0.001
752,309,5,2,0.4761904761904761,0.001
753,309,5,3,0.9074074074074076,0.001
754,309,5,4,0.3333333333333333,0.001
755,309,5,5,0.8,0.001
756,309,5,6,0.4629629629629629,0.001
757,309,5,7,0.3333333333333333,0.001
758,309,5,8,0.0555555555555555,0.001
759,309,5,9,0.53125,0.001
760,309,6,0,0.6296296296296295,0.001
761,309,6,1,0.6333333333333333,0.001
762,309,6,2,0.5,0.001
763,309,6,3,0.537037037037037,0.001
764,309,6,4,0.6388888888888888,0.001
765,309,6,5,0.2539682539682539,0.001
766,309,6,6,0.2592592592592592,0.001
767,309,6,7,0.3333333333333333,0.001
768,309,6,8,0.537037037037037,0.001
769,309,6,9,0.6,0.001
770,309,7,0,0.5,0.001
771,309,7,1,0.365079365079365,0.001
772,309,7,2,0.6296296296296295,0.001
773,309,7,3,0.365079365079365,0.001
774,309,7,4,0.7222222222222222,0.001
775,309,7,5,0.7962962962962963,0.001
776,309,7,6,0.3333333333333333,0.001
777,309,7,7,0.4518518518518518,0.001
778,309,7,8,0.537037037037037,0.001
779,309,7,9,0.4375,0.001
780,309,8,0,0.6190476190476191,0.001
781,309,8,1,0.365079365079365,0.001
782,309,8,2,0.3833333333333333,0.001
783,309,8,3,0.3333333333333333,0.001
784,309,8,4,0.6190476190476191,0.001
785,309,8,5,0.2740740740740741,0.001
786,309,8,6,0.6444444444444444,0.001
787,309,8,7,0.5,0.001
788,309,8,8,0.6190476190476191,0.001
789,309,8,9,0.75,0.001
790,309,9,0,0.6444444444444444,0.001
791,309,9,1,0.4222222222222222,0.001
792,309,9,2,0.5,0.001
793,309,9,3,0.4583333333333333,0.001
794,309,9,4,0.3333333333333333,0.001
795,309,9,5,0.4761904761904761,0.001
796,309,9,6,0.5,0.001
797,309,9,7,0.6190476190476191,0.001
798,309,9,8,0.7962962962962963,0.001
799,309,9,9,0.2857142857142857,0.001
800,323,0,0,0.6444444444444444,0.001
801,323,0,1,0.4444444444444444,0.001
802,323,0,2,0.6296296296296295,0.001
803,323,0,3,1.0,0.001
804,323,0,4,0.626984126984127,0.001
805,323,0,5,0.6190476190476191,0.001
806,323,0,6,0.7901234567901234,0.001
807,323,0,7,0.7901234567901234,0.001
808,323,0,8,0.5833333333333334,0.001
809,323,0,9,0.5714285714285714,0.001
810,323,1,0,0.6111111111111112,0.001
811,323,1,1,0.6296296296296295,0.001
812,323,1,2,0.6190476190476191,0.001
813,323,1,3,1.0,0.001
814,323,1,4,0.7916666666666666,0.001
815,323,1,5,0.5,0.001
816,323,1,6,0.7936507936507936,0.001
817,323,1,7,0.5,0.001
818,323,1,8,0.5625,0.001
819,323,1,9,0.5625,0.001
820,323,2,0,0.6111111111111112,0.001
821,323,2,1,0.7901234567901234,0.001
822,323,2,2,0.5,0.001
823,323,2,3,0.6190476190476191,0.001
824,323,2,4,1.0,0.001
825,323,2,5,0.6296296296296295,0.001
826,323,2,6,0.6055555555555556,0.001
827,323,2,7,0.6049382716049383,0.001
828,323,2,8,0.4375,0.001
829,323,2,9,0.875,0.001
830,323,3,0,0.462962962962963,0.001
831,323,3,1,0.8055555555555556,0.001
832,323,3,2,0.5,0.001
833,323,3,3,1.0,0.001
834,323,3,4,0.6049382716049383,0.001
835,323,3,5,0.7936507936507936,0.001
836,323,3,6,0.5,0.001
837,323,3,7,0.6111111111111112,0.001
838,323,3,8,0.4375,0.001
839,323,3,9,0.4464285714285714,0.001
840,323,4,0,1.0,0.001
841,323,4,1,1.0,0.001
842,323,4,2,1.0,0.001
843,323,4,3,0.3472222222222222,0.001
844,323,4,4,0.6111111111111112,0.001
845,323,4,5,0.6190476190476191,0.001
846,323,4,6,0.5,0.001
847,323,4,7,0.3333333333333333,0.001
848,323,4,8,0.6428571428571428,0.001
849,323,4,9,0.5625,0.001
850,323,5,0,0.3333333333333333,0.001
851,323,5,1,0.7962962962962963,0.001
852,323,5,2,0.7901234567901234,0.001
853,323,5,3,0.4523809523809523,0.001
854,323,5,4,1.0,0.001
855,323,5,5,0.4444444444444444,0.001
856,323,5,6,1.0,0.001
857,323,5,7,0.5,0.001
858,323,5,8,0.765625,0.001
859,323,5,9,0.2249999999999999,0.001
860,323,6,0,0.6190476190476191,0.001
861,323,6,1,0.6296296296296295,0.001
862,323,6,2,0.6296296296296295,0.001
863,323,6,3,0.5,0.001
864,323,6,4,0.8333333333333334,0.001
865,323,6,5,0.7936507936507936,0.001
866,323,6,6,0.7901234567901234,0.001
867,323,6,7,0.6049382716049383,0.001
868,323,6,8,0.875,0.001
869,323,6,9,0.4107142857142857,0.001
870,323,7,0,0.7777777777777778,0.001
871,323,7,1,0.7916666666666666,0.001
872,323,7,2,0.3086419753086419,0.001
873,323,7,3,0.4583333333333333,0.001
874,323,7,4,0.462962962962963,0.001
875,323,7,5,0.8148148148148148,0.001
876,323,7,6,0.4583333333333333,0.001
877,323,7,7,0.6805555555555556,0.001
878,323,7,8,0.6428571428571428,0.001
879,323,7,9,0.7708333333333334,0.001
880,323,8,0,1.0,0.001
881,323,8,1,1.0,0.001
882,323,8,2,0.4444444444444444,0.001
883,323,8,3,0.6190476190476191,0.001
884,323,8,4,1.0,0.001
885,323,8,5,0.7936507936507936,0.001
886,323,8,6,0.3095238095238095,0.001
887,323,8,7,0.4444444444444444,0.001
888,323,8,8,0.3958333333333333,0.001
889,323,8,9,0.775,0.001
890,323,9,0,0.6055555555555556,0.001
891,323,9,1,0.4444444444444444,0.001
892,323,9,2,0.6190476190476191,0.001
893,323,9,3,0.4444444444444444,0.001
894,323,9,4,0.7916666666666666,0.001
895,323,9,5,0.5714285714285714,0.001
896,323,9,6,0.6111111111111112,0.001
897,323,9,7,1.0,0.001
898,323,9,8,0.7678571428571428,0.001
899,323,9,9,0.5625,0.001
900,340,0,0,0.2,0.001
901,340,0,1,0.8888888888888888,0.001
902,340,0,2,0.6055555555555556,0.001
903,340,0,3,0.5,0.001
904,340,0,4,0.7962962962962963,0.001
905,340,0,5,0.5185185185185186,0.001
906,340,0,6,0.7777777777777778,0.001
907,340,0,7,0.8333333333333334,0.001
908,340,0,8,0.7777777777777778,0.001
909,340,0,9,1.0,0.001
910,340,1,0,0.8,0.001
911,340,1,1,0.5,0.001
912,340,1,2,0.4537037037037036,0.001
913,340,1,3,0.6190476190476191,0.001
914,340,1,4,0.8,0.001
915,340,1,5,0.4499999999999999,0.001
916,340,1,6,0.4722222222222222,0.001
917,340,1,7,0.8888888888888888,0.001
918,340,1,8,0.6296296296296295,0.001
919,340,1,9,1.0,0.001
920,340,2,0,0.8333333333333334,0.001
921,340,2,1,0.4444444444444444,0.001
922,340,2,2,0.6759259259259259,0.001
923,340,2,3,0.6481481481481481,0.001
924,340,2,4,0.6190476190476191,0.001
925,340,2,5,0.1984126984126984,0.001
926,340,2,6,0.4814814814814814,0.001
927,340,2,7,1.0,0.001
928,340,2,8,1.0,0.001
929,340,2,9,0.6944444444444444,0.001
930,340,3,0,0.6583333333333333,0.001
931,340,3,1,0.5,0.001
932,340,3,2,0.7962962962962963,0.001
933,340,3,3,0.5777777777777778,0.001
934,340,3,4,0.4814814814814814,0.001
935,340,3,5,0.6666666666666666,0.001
936,340,3,6,0.6444444444444444,0.001
937,340,3,7,1.0,0.001
938,340,3,8,0.4666666666666667,0.001
939,340,3,9,0.8888888888888888,0.001
940,340,4,0,0.4666666666666666,0.001
941,340,4,1,0.6296296296296295,0.001
942,340,4,2,0.2777777777777778,0.001
943,340,4,3,0.8055555555555556,0.001
944,340,4,4,0.4222222222222222,0.001
945,340,4,5,0.8055555555555556,0.001
946,340,4,6,1.0,0.001
947,340,4,7,0.6296296296296295,0.001
948,340,4,8,1.0,0.001
949,340,4,9,0.8055555555555556,0.001
950,340,5,0,1.0,0.001
951,340,5,1,0.8148148148148148,0.001
952,340,5,2,0.6296296296296295,0.001
953,340,5,3,0.3611111111111111,0.001
954,340,5,4,0.8888888888888888,0.001
955,340,5,5,0.5,0.001
956,340,5,6,0.7962962962962963,0.001
957,340,5,7,0.5092592592592592,0.001
958,340,5,8,0.5,0.001
959,340,5,9,0.6666666666666666,0.001
960,340,6,0,0.3904761904761905,0.001
961,340,6,1,0.4722222222222222,0.001
962,340,6,2,0.7962962962962963,0.001
963,340,6,3,0.6444444444444444,0.001
964,340,6,4,0.6388888888888888,0.001
965,340,6,5,0.7962962962962963,0.001
966,340,6,6,0.5740740740740741,0.001
967,340,6,7,0.8055555555555556,0.001
968,340,6,8,0.7962962962962963,0.001
969,340,6,9,1.0,0.001
970,340,7,0,0.48,0.001
971,340,7,1,0.5925925925925926,0.001
972,340,7,2,1.0,0.001
973,340,7,3,0.8333333333333334,0.001
974,340,7,4,0.2777777777777778,0.001
975,340,7,5,0.6190476190476191,0.001
976,340,7,6,0.4666666666666667,0.001
977,340,7,7,0.6825396825396824,0.001
978,340,7,8,1.0,0.001
979,340,7,9,0.5,0.001
980,340,8,0,0.4666666666666667,0.001
981,340,8,1,0.7777777777777778,0.001
982,340,8,2,0.4592592592592592,0.001
983,340,8,3,0.8148148148148148,0.001
984,340,8,4,0.5,0.001
985,340,8,5,0.6296296296296297,0.001
986,340,8,6,0.7037037037037037,0.001
987,340,8,7,0.8148148148148148,0.001
988,340,8,8,0.7962962962962963,0.001
989,340,8,9,0.6388888888888888,0.001
990,340,9,0,0.5,0.001
991,340,9,1,0.6296296296296297,0.001
992,340,9,2,0.5185185185185185,0.001
993,340,9,3,0.7962962962962963,0.001
994,340,9,4,0.8148148148148148,0.001
995,340,9,5,0.6296296296296295,0.001
996,340,9,6,0.5555555555555556,0.001
997,340,9,7,0.6444444444444444,0.001
998,340,9,8,0.6111111111111112,0.001
999,340,9,9,1.0,0.001
1000,366,0,0,1.0,0.001
1001,366,0,1,0.3,0.001
1002,366,0,2,0.7,0.001
1003,366,0,3,0.2666666666666666,0.001
1004,366,0,4,0.6666666666666666,0.001
1005,366,0,5,0.8,0.001
1006,366,0,6,1.0,0.001
1007,366,0,7,1.0,0.001
1008,366,0,8,0.45,0.001
1009,366,0,9,0.8,0.001
1010,366,1,0,1.0,0.001
1011,366,1,1,0.8,0.001
1012,366,1,2,0.8,0.001
1013,366,1,3,0.6,0.001
1014,366,1,4,0.6,0.001
1015,366,1,5,0.7,0.001
1016,366,1,6,0.36,0.001
1017,366,1,7,1.0,0.001
1018,366,1,8,0.6666666666666666,0.001
1019,366,1,9,0.8,0.001
1020,366,2,0,0.3666666666666666,0.001
1021,366,2,1,1.0,0.001
1022,366,2,2,1.0,0.001
1023,366,2,3,1.0,0.001
1024,366,2,4,0.8,0.001
1025,366,2,5,0.2666666666666666,0.001
1026,366,2,6,1.0,0.001
1027,366,2,7,0.4666666666666666,0.001
1028,366,2,8,0.4666666666666667,0.001
1029,366,2,9,1.0,0.001
1030,366,3,0,0.2,0.001
1031,366,3,1,1.0,0.001
1032,366,3,2,1.0,0.001
1033,366,3,3,0.25,0.001
1034,366,3,4,1.0,0.001
1035,366,3,5,0.8,0.001
1036,366,3,6,0.8,0.001
1037,366,3,7,0.8,0.001
1038,366,3,8,0.8,0.001
1039,366,3,9,1.0,0.001
1040,366,4,0,0.4666666666666667,0.001
1041,366,4,1,0.7,0.001
1042,366,4,2,0.4666666666666667,0.001
1043,366,4,3,0.9,0.001
1044,366,4,4,1.0,0.001
1045,366,4,5,1.0,0.001
1046,366,4,6,0.6666666666666666,0.001
1047,366,4,7,1.0,0.001
1048,366,4,8,0.8,0.001
1049,366,4,9,0.8,0.001
1050,366,5,0,1.0,0.001
1051,366,5,1,1.0,0.001
1052,366,5,2,1.0,0.001
1053,366,5,3,0.6666666666666666,0.001
1054,366,5,4,0.6666666666666666,0.001
1055,366,5,5,0.6,0.001
1056,366,5,6,0.7,0.001
1057,366,5,7,1.0,0.001
1058,366,5,8,0.6666666666666666,0.001
1059,366,5,9,0.0,0.001
1060,366,6,0,0.6666666666666666,0.001
1061,366,6,1,0.45,0.001
1062,366,6,2,1.0,0.001
1063,366,6,3,0.45,0.001
1064,366,6,4,1.0,0.001
1065,366,6,5,0.7,0.001
1066,366,6,6,1.0,0.001
1067,366,6,7,0.6666666666666666,0.001
1068,366,6,8,0.8,0.001
1069,366,6,9,0.5,0.001
1070,366,7,0,1.0,0.001
1071,366,7,1,0.9,0.001
1072,366,7,2,0.6666666666666666,0.001
1073,366,7,3,1.0,0.001
1074,366,7,4,0.8,0.001
1075,366,7,5,0.6,0.001
1076,366,7,6,0.4666666666666666,0.001
1077,366,7,7,0.8,0.001
1078,366,7,8,0.4,0.001
1079,366,7,9,0.8,0.001
1080,366,8,0,0.8,0.001
1081,366,8,1,1.0,0.001
1082,366,8,2,0.8,0.001
1083,366,8,3,1.0,0.001
1084,366,8,4,0.2666666666666666,0.001
1085,366,8,5,0.6666666666666666,0.001
1086,366,8,6,1.0,0.001
1087,366,8,7,0.7,0.001
1088,366,8,8,0.7,0.001
1089,366,8,9,0.65,0.001
1090,366,9,0,0.6,0.001
1091,366,9,1,1.0,0.001
1092,366,9,2,1.0,0.001
1093,366,9,3,0.7,0.001
1094,366,9,4,0.8,0.001
1095,366,9,5,0.8,0.001
1096,366,9,6,0.6,0.001
1097,366,9,7,1.0,0.001
1098,366,9,8,0.6666666666666666,0.001
1099,366,9,9,0.5,0.001
1100,371,0,0,0.3151515151515152,0.001
1101,371,0,1,0.2840909090909091,0.001
1102,371,0,2,0.5714285714285714,0.001
1103,371,0,3,0.1785714285714285,0.001
1104,371,0,4,0.34,0.001
1105,371,0,5,0.3666666666666666,0.001
1106,371,0,6,0.2619047619047618,0.001
1107,371,0,7,0.1533333333333333,0.001
1108,371,0,8,0.72,0.001
1109,371,0,9,0.3125,0.001
1110,371,1,0,0.5714285714285714,0.001
1111,371,1,1,0.8272727272727273,0.001
1112,371,1,2,0.4053030303030303,0.001
1113,371,1,3,0.4805194805194805,0.001
1114,371,1,4,0.205,0.001
1115,371,1,5,0.2,0.001
1116,371,1,6,0.3,0.001
1117,371,1,7,0.0904761904761904,0.001
1118,371,1,8,0.0916666666666666,0.001
1119,371,1,9,0.4049999999999999,0.001
1120,371,2,0,0.303030303030303,0.001
1121,371,2,1,0.406060606060606,0.001
1122,371,2,2,0.207070707070707,0.001
1123,371,2,3,0.4181818181818181,0.001
1124,371,2,4,0.4166666666666666,0.001
1125,371,2,5,0.5,0.001
1126,371,2,6,0.419047619047619,0.001
1127,371,2,7,0.05,0.001
1128,371,2,8,0.2785714285714286,0.001
1129,371,2,9,0.4916666666666666,0.001
1130,371,3,0,0.303030303030303,0.001
1131,371,3,1,0.303030303030303,0.001
1132,371,3,2,0.5584415584415584,0.001
1133,371,3,3,0.5272727272727272,0.001
1134,371,3,4,0.2619047619047618,0.001
1135,371,3,5,0.34,0.001
1136,371,3,6,0.4,0.001
1137,371,3,7,0.34,0.001
1138,371,3,8,0.3785714285714285,0.001
1139,371,3,9,0.1285714285714285,0.001
1140,371,4,0,0.3272727272727272,0.001
1141,371,4,1,0.4606060606060606,0.001
1142,371,4,2,0.5714285714285714,0.001
1143,371,4,3,0.4155844155844155,0.001
1144,371,4,4,0.3666666666666666,0.001
1145,371,4,5,0.5,0.001
1146,371,4,6,0.2,0.001
1147,371,4,7,0.3,0.001
1148,371,4,8,0.0916666666666666,0.001
1149,371,4,9,0.22,0.001
1150,371,5,0,0.303030303030303,0.001
1151,371,5,1,0.2467532467532467,0.001
1152,371,5,2,0.4181818181818181,0.001
1153,371,5,3,0.303030303030303,0.001
1154,371,5,4,0.4619047619047619,0.001
1155,371,5,5,0.1666666666666666,0.001
1156,371,5,6,0.5,0.001
1157,371,5,7,0.0416666666666666,0.001
1158,371,5,8,0.6666666666666666,0.001
1159,371,5,9,0.4,0.001
1160,371,6,0,0.2363636363636363,0.001
1161,371,6,1,0.303030303030303,0.001
1162,371,6,2,0.5454545454545454,0.001
1163,371,6,3,0.3214285714285714,0.001
1164,371,6,4,0.3125,0.001
1165,371,6,5,0.36,0.001
1166,371,6,6,0.52,0.001
1167,371,6,7,0.2916666666666666,0.001
1168,371,6,8,0.425,0.001
1169,371,6,9,0.2619047619047618,0.001
1170,371,7,0,0.3441558441558441,0.001
1171,371,7,1,0.4621212121212121,0.001
1172,371,7,2,0.4805194805194805,0.001
1173,371,7,3,0.6969696969696969,0.001
1174,371,7,4,0.2619047619047618,0.001
1175,371,7,5,0.4166666666666667,0.001
1176,371,7,6,0.375,0.001
1177,371,7,7,0.2444444444444444,0.001
1178,371,7,8,0.1125,0.001
1179,371,7,9,0.3619047619047618,0.001
1180,371,8,0,0.3,0.001
1181,371,8,1,0.3575757575757575,0.001
1182,371,8,2,0.4053030303030303,0.001
1183,371,8,3,0.4545454545454545,0.001
1184,371,8,4,0.2,0.001
1185,371,8,5,0.32,0.001
1186,371,8,6,0.2777777777777778,0.001
1187,371,8,7,0.2416666666666666,0.001
1188,371,8,8,0.16,0.001
1189,371,8,9,0.6476190476190475,0.001
1190,371,9,0,0.2222222222222222,0.001
1191,371,9,1,0.5568181818181818,0.001
1192,371,9,2,0.2272727272727272,0.001
1193,371,9,3,0.2727272727272727,0.001
1194,371,9,4,0.4666666666666667,0.001
1195,371,9,5,0.5166666666666667,0.001
1196,371,9,6,0.2285714285714285,0.001
1197,371,9,7,0.3904761904761905,0.001
1198,371,9,8,0.26,0.001
1199,371,9,9,0.7666666666666666,0.001
1200,388,0,0,0.475,0.001
1201,388,0,1,0.4,0.001
1202,388,0,2,0.4428571428571428,0.001
1203,388,0,3,0.5714285714285714,0.001
1204,388,0,4,0.296969696969697,0.001
1205,388,0,5,0.3266666666666667,0.001
1206,388,0,6,0.4296296296296296,0.001
1207,388,0,7,0.2207792207792207,0.001
1208,388,0,8,0.3888888888888889,0.001
1209,388,0,9,0.2142857142857142,0.001
1210,388,1,0,0.2615384615384615,0.001
1211,388,1,1,0.5777777777777777,0.001
1212,388,1,2,0.2727272727272727,0.001
1213,388,1,3,0.3185185185185185,0.001
1214,388,1,4,0.4761904761904762,0.001
1215,388,1,5,0.4333333333333333,0.001
1216,388,1,6,0.5428571428571428,0.001
1217,388,1,7,0.2207792207792207,0.001
1218,388,1,8,0.3142857142857143,0.001
1219,388,1,9,0.3142857142857143,0.001
1220,388,2,0,0.36,0.001
1221,388,2,1,0.4,0.001
1222,388,2,2,0.5,0.001
1223,388,2,3,0.3933333333333333,0.001
1224,388,2,4,0.5,0.001
1225,388,2,5,0.3407407407407407,0.001
1226,388,2,6,0.2666666666666666,0.001
1227,388,2,7,0.3142857142857143,0.001
1228,388,2,8,0.4285714285714285,0.001
1229,388,2,9,0.35,0.001
1230,388,3,0,0.4,0.001
1231,388,3,1,0.3212121212121212,0.001
1232,388,3,2,0.5777777777777777,0.001
1233,388,3,3,0.362962962962963,0.001
1234,388,3,4,0.5428571428571428,0.001
1235,388,3,5,0.2615384615384615,0.001
1236,388,3,6,0.4666666666666667,0.001
1237,388,3,7,0.1428571428571428,0.001
1238,388,3,8,0.5833333333333333,0.001
1239,388,3,9,0.2207792207792207,0.001
1240,388,4,0,0.5416666666666666,0.001
1241,388,4,1,0.3666666666666666,0.001
1242,388,4,2,0.2222222222222222,0.001
1243,388,4,3,0.5523809523809523,0.001
1244,388,4,4,0.0871794871794871,0.001
1245,388,4,5,0.5,0.001
1246,388,4,6,0.3399999999999999,0.001
1247,388,4,7,0.4375,0.001
1248,388,4,8,0.4285714285714285,0.001
1249,388,4,9,0.3142857142857143,0.001
1250,388,5,0,0.36,0.001
1251,388,5,1,0.296969696969697,0.001
1252,388,5,2,0.5428571428571428,0.001
1253,388,5,3,0.5444444444444444,0.001
1254,388,5,4,0.6,0.001
1255,388,5,5,0.3399999999999999,0.001
1256,388,5,6,0.1878787878787879,0.001
1257,388,5,7,0.5408163265306122,0.001
1258,388,5,8,0.1964285714285714,0.001
1259,388,5,9,0.2857142857142857,0.001
1260,388,6,0,0.44,0.001
1261,388,6,1,0.2727272727272727,0.001
1262,388,6,2,0.3399999999999999,0.001
1263,388,6,3,0.4333333333333333,0.001
1264,388,6,4,0.1384615384615384,0.001
1265,388,6,5,0.3266666666666667,0.001
1266,388,6,6,0.475,0.001
1267,388,6,7,0.5102040816326531,0.001
1268,388,6,8,0.4642857142857143,0.001
1269,388,6,9,0.3888888888888889,0.001
1270,388,7,0,0.2733333333333333,0.001
1271,388,7,1,0.5428571428571428,0.001
1272,388,7,2,0.3636363636363636,0.001
1273,388,7,3,0.3933333333333333,0.001
1274,388,7,4,0.4,0.001
1275,388,7,5,0.4083333333333333,0.001
1276,388,7,6,0.4074074074074074,0.001
1277,388,7,7,0.4841269841269841,0.001
1278,388,7,8,0.4285714285714285,0.001
1279,388,7,9,0.2402597402597402,0.001
1280,388,8,0,0.4074074074074074,0.001
1281,388,8,1,0.2888888888888888,0.001
1282,388,8,2,0.5047619047619047,0.001
1283,388,8,3,0.3399999999999999,0.001
1284,388,8,4,0.2933333333333333,0.001
1285,388,8,5,0.4,0.001
1286,388,8,6,0.4296296296296296,0.001
1287,388,8,7,0.3142857142857143,0.001
1288,388,8,8,0.4387755102040817,0.001
1289,388,8,9,0.4285714285714285,0.001
1290,388,9,0,0.3666666666666666,0.001
1291,388,9,1,0.2727272727272727,0.001
1292,388,9,2,0.1833333333333333,0.001
1293,388,9,3,0.2666666666666666,0.001
1294,388,9,4,0.5,0.001
1295,388,9,5,0.3407407407407407,0.001
1296,388,9,6,0.5,0.001
1297,388,9,7,0.5102040816326531,0.001
1298,388,9,8,0.365079365079365,0.001
1299,388,9,9,0.4642857142857143,0.001
1300,450,0,0,0.95,0.001
1301,450,0,1,0.84375,0.001
1302,450,0,2,0.9479166666666669,0.001
1303,450,0,3,0.8214285714285714,0.001
1304,450,0,4,0.8761904761904762,0.001
1305,450,0,5,0.8533333333333334,0.001
1306,450,0,6,0.8133333333333332,0.001
1307,450,0,7,1.0,0.001
1308,450,0,8,0.6925925925925926,0.001
1309,450,0,9,1.0,0.001
1310,450,1,0,1.0,0.001
1311,450,1,1,0.9107142857142856,0.001
1312,450,1,2,0.9464285714285714,0.001
1313,450,1,3,1.0,0.001
1314,450,1,4,0.763095238095238,0.001
1315,450,1,5,1.0,0.001
1316,450,1,6,0.88,0.001
1317,450,1,7,0.7527777777777779,0.001
1318,450,1,8,0.7133333333333334,0.001
1319,450,1,9,0.8207407407407407,0.001
1320,450,2,0,0.6166666666666667,0.001
1321,450,2,1,0.95,0.001
1322,450,2,2,1.0,0.001
1323,450,2,3,0.8541666666666666,0.001
1324,450,2,4,1.0,0.001
1325,450,2,5,0.874074074074074,0.001
1326,450,2,6,0.8962962962962963,0.001
1327,450,2,7,0.8333333333333334,0.001
1328,450,2,8,0.9666666666666668,0.001
1329,450,2,9,0.8166666666666667,0.001
1330,450,3,0,0.8541666666666666,0.001
1331,450,3,1,0.8875,0.001
1332,450,3,2,0.9107142857142856,0.001
1333,450,3,3,0.8828125,0.001
1334,450,3,4,1.0,0.001
1335,450,3,5,0.8722222222222221,0.001
1336,450,3,6,0.7538461538461539,0.001
1337,450,3,7,1.0,0.001
1338,450,3,8,0.7571428571428572,0.001
1339,450,3,9,0.92,0.001
1340,450,4,0,1.0,0.001
1341,450,4,1,1.0,0.001
1342,450,4,2,0.9453125,0.001
1343,450,4,3,0.9479166666666669,0.001
1344,450,4,4,0.8666666666666667,0.001
1345,450,4,5,0.7866666666666667,0.001
1346,450,4,6,0.874074074074074,0.001
1347,450,4,7,0.7010101010101011,0.001
1348,450,4,8,0.9555555555555556,0.001
1349,450,4,9,0.6533333333333334,0.001
1350,450,5,0,0.575,0.001
1351,450,5,1,1.0,0.001
1352,450,5,2,0.8828125,0.001
1353,450,5,3,0.953125,0.001
1354,450,5,4,0.8533333333333334,0.001
1355,450,5,5,1.0,0.001
1356,450,5,6,0.8444444444444444,0.001
1357,450,5,7,0.9047619047619048,0.001
1358,450,5,8,0.9111111111111112,0.001
1359,450,5,9,0.8733333333333333,0.001
1360,450,6,0,0.8625,0.001
1361,450,6,1,1.0,0.001
1362,450,6,2,0.925,0.001
1363,450,6,3,1.0,0.001
1364,450,6,4,0.888888888888889,0.001
1365,450,6,5,0.8727272727272727,0.001
1366,450,6,6,0.7777777777777778,0.001
1367,450,6,7,0.7511904761904762,0.001
1368,450,6,8,0.8761904761904762,0.001
1369,450,6,9,0.6654761904761906,0.001
1370,450,7,0,0.8875,0.001
1371,450,7,1,1.0,0.001
1372,450,7,2,0.8541666666666666,0.001
1373,450,7,3,0.9583333333333334,0.001
1374,450,7,4,0.8666666666666667,0.001
1375,450,7,5,0.9407407407407408,0.001
1376,450,7,6,0.9428571428571428,0.001
1377,450,7,7,0.9444444444444444,0.001
1378,450,7,8,0.5928571428571429,0.001
1379,450,7,9,0.8717948717948718,0.001
1380,450,8,0,1.0,0.001
1381,450,8,1,0.8068181818181818,0.001
1382,450,8,2,1.0,0.001
1383,450,8,3,0.9453125,0.001
1384,450,8,4,0.8761904761904762,0.001
1385,450,8,5,0.7047619047619047,0.001
1386,450,8,6,0.6518518518518518,0.001
1387,450,8,7,0.9466666666666668,0.001
1388,450,8,8,0.8133333333333332,0.001
1389,450,8,9,0.9555555555555556,0.001
1390,450,9,0,1.0,0.001
1391,450,9,1,0.5946969696969697,0.001
1392,450,9,2,0.890625,0.001
1393,450,9,3,1.0,0.001
1394,450,9,4,1.0,0.001
1395,450,9,5,0.8296296296296296,0.001
1396,450,9,6,0.875,0.001
1397,450,9,7,0.7571428571428572,0.001
1398,450,9,8,1.0,0.001
1399,450,9,9,0.7200000000000001,0.001
1400,452,0,0,1.0,0.001
1401,452,0,1,1.0,0.001
1402,452,0,2,0.36,0.001
1403,452,0,3,1.0,0.001
1404,452,0,4,1.0,0.001
1405,452,0,5,1.0,0.001
1406,452,0,6,0.65,0.001
1407,452,0,7,1.0,0.001
1408,452,0,8,1.0,0.001
1409,452,0,9,0.64,0.001
1410,452,1,0,1.0,0.001
1411,452,1,1,0.36,0.001
1412,452,1,2,1.0,0.001
1413,452,1,3,0.64,0.001
1414,452,1,4,1.0,0.001
1415,452,1,5,1.0,0.001
1416,452,1,6,1.0,0.001
1417,452,1,7,1.0,0.001
1418,452,1,8,1.0,0.001
1419,452,1,9,0.65,0.001
1420,452,2,0,0.4444444444444444,0.001
1421,452,2,1,1.0,0.001
1422,452,2,2,1.0,0.001
1423,452,2,3,1.0,0.001
1424,452,2,4,1.0,0.001
1425,452,2,5,0.65,0.001
1426,452,2,6,1.0,0.001
1427,452,2,7,0.64,0.001
1428,452,2,8,1.0,0.001
1429,452,2,9,1.0,0.001
1430,452,3,0,0.4666666666666666,0.001
1431,452,3,1,1.0,0.001
1432,452,3,2,1.0,0.001
1433,452,3,3,1.0,0.001
1434,452,3,4,1.0,0.001
1435,452,3,5,1.0,0.001
1436,452,3,6,0.65,0.001
1437,452,3,7,1.0,0.001
1438,452,3,8,0.65,0.001
1439,452,3,9,1.0,0.001
1440,452,4,0,1.0,0.001
1441,452,4,1,0.16,0.001
1442,452,4,2,1.0,0.001
1443,452,4,3,1.0,0.001
1444,452,4,4,1.0,0.001
1445,452,4,5,1.0,0.001
1446,452,4,6,1.0,0.001
1447,452,4,7,1.0,0.001
1448,452,4,8,1.0,0.001
1449,452,4,9,0.64,0.001
1450,452,5,0,1.0,0.001
1451,452,5,1,1.0,0.001
1452,452,5,2,1.0,0.001
1453,452,5,3,1.0,0.001
1454,452,5,4,1.0,0.001
1455,452,5,5,0.4,0.001
1456,452,5,6,1.0,0.001
1457,452,5,7,1.0,0.001
1458,452,5,8,1.0,0.001
1459,452,5,9,0.36,0.001
1460,452,6,0,0.7083333333333334,0.001
1461,452,6,1,1.0,0.001
1462,452,6,2,1.0,0.001
1463,452,6,3,0.64,0.001
1464,452,6,4,1.0,0.001
1465,452,6,5,1.0,0.001
1466,452,6,6,1.0,0.001
1467,452,6,7,1.0,0.001
1468,452,6,8,0.65,0.001
1469,452,6,9,0.65,0.001
1470,452,7,0,1.0,0.001
1471,452,7,1,1.0,0.001
1472,452,7,2,1.0,0.001
1473,452,7,3,1.0,0.001
1474,452,7,4,0.64,0.001
1475,452,7,5,0.65,0.001
1476,452,7,6,1.0,0.001
1477,452,7,7,0.65,0.001
1478,452,7,8,1.0,0.001
1479,452,7,9,0.64,0.001
1480,452,8,0,1.0,0.001
1481,452,8,1,1.0,0.001
1482,452,8,2,1.0,0.001
1483,452,8,3,1.0,0.001
1484,452,8,4,1.0,0.001
1485,452,8,5,1.0,0.001
1486,452,8,6,1.0,0.001
1487,452,8,7,0.4,0.001
1488,452,8,8,0.36,0.001
1489,452,8,9,1.0,0.001
1490,452,9,0,0.7000000000000001,0.001
1491,452,9,1,1.0,0.001
1492,452,9,2,1.0,0.001
1493,452,9,3,1.0,0.001
1494,452,9,4,1.0,0.001
1495,452,9,5,0.65,0.001
1496,452,9,6,0.64,0.001
1497,452,9,7,1.0,0.001
1498,452,9,8,1.0,0.001
1499,452,9,9,0.64,0.001
1500,457,0,0,0.2777777777777778,0.001
1501,457,0,1,0.4666666666666667,0.001
1502,457,0,2,0.2555555555555555,0.001
1503,457,0,3,0.2361111111111111,0.001
1504,457,0,4,0.4444444444444444,0.001
1505,457,0,5,0.3888888888888889,0.001
1506,457,0,6,0.6190476190476191,0.001
1507,457,0,7,0.6190476190476191,0.001
1508,457,0,8,0.4,0.001
1509,457,0,9,0.75,0.001
1510,457,1,0,0.8,0.001
1511,457,1,1,0.7777777777777778,0.001
1512,457,1,2,0.5444444444444445,0.001
1513,457,1,3,0.0158730158730158,0.001
1514,457,1,4,0.5333333333333333,0.001
1515,457,1,5,0.4074074074074074,0.001
1516,457,1,6,0.6444444444444444,0.001
1517,457,1,7,0.4444444444444444,0.001
1518,457,1,8,0.1964285714285714,0.001
1519,457,1,9,0.140625,0.001
1520,457,2,0,0.5833333333333334,0.001
1521,457,2,1,0.1111111111111111,0.001
1522,457,2,2,0.3148148148148147,0.001
1523,457,2,3,0.4499999999999999,0.001
1524,457,2,4,0.3015873015873016,0.001
1525,457,2,5,0.4814814814814814,0.001
1526,457,2,6,0.7592592592592592,0.001
1527,457,2,7,0.365079365079365,0.001
1528,457,2,8,0.4375,0.001
1529,457,2,9,0.4375,0.001
1530,457,3,0,0.2722222222222222,0.001
1531,457,3,1,0.2037037037037037,0.001
1532,457,3,2,0.1666666666666666,0.001
1533,457,3,3,0.0,0.001
1534,457,3,4,0.6444444444444444,0.001
1535,457,3,5,0.6000000000000001,0.001
1536,457,3,6,0.2222222222222222,0.001
1537,457,3,7,0.5333333333333333,0.001
1538,457,3,8,0.6875,0.001
1539,457,3,9,0.2708333333333333,0.001
1540,457,4,0,0.3174603174603174,0.001
1541,457,4,1,0.5333333333333333,0.001
1542,457,4,2,0.2814814814814814,0.001
1543,457,4,3,0.119047619047619,0.001
1544,457,4,4,0.5833333333333334,0.001
1545,457,4,5,0.8055555555555556,0.001
1546,457,4,6,0.2222222222222222,0.001
1547,457,4,7,0.5833333333333334,0.001
1548,457,4,8,0.3333333333333333,0.001
1549,457,4,9,0.5833333333333333,0.001
1550,457,5,0,0.4666666666666667,0.001
1551,457,5,1,0.3611111111111111,0.001
1552,457,5,2,0.5,0.001
1553,457,5,3,0.4074074074074074,0.001
1554,457,5,4,0.125,0.001
1555,457,5,5,0.5555555555555556,0.001
1556,457,5,6,0.238095238095238,0.001
1557,457,5,7,0.3148148148148147,0.001
1558,457,5,8,0.7708333333333334,0.001
1559,457,5,9,0.59375,0.001
1560,457,6,0,0.7777777777777778,0.001
1561,457,6,1,0.4722222222222222,0.001
1562,457,6,2,0.3777777777777777,0.001
1563,457,6,3,0.5,0.001
1564,457,6,4,0.5,0.001
1565,457,6,5,0.4444444444444444,0.001
1566,457,6,6,0.4583333333333333,0.001
1567,457,6,7,0.238095238095238,0.001
1568,457,6,8,0.1458333333333333,0.001
1569,457,6,9,0.625,0.001
1570,457,7,0,0.4074074074074074,0.001
1571,457,7,1,0.5,0.001
1572,457,7,2,0.4666666666666667,0.001
1573,457,7,3,0.4444444444444444,0.001
1574,457,7,4,0.5333333333333333,0.001
1575,457,7,5,0.4444444444444444,0.001
1576,457,7,6,0.4666666666666667,0.001
1577,457,7,7,0.4444444444444444,0.001
1578,457,7,8,0.1916666666666666,0.001
1579,457,7,9,0.75,0.001
1580,457,8,0,0.365079365079365,0.001
1581,457,8,1,0.1666666666666666,0.001
1582,457,8,2,0.4666666666666667,0.001
1583,457,8,3,0.8,0.001
1584,457,8,4,0.246031746031746,0.001
1585,457,8,5,0.8148148148148148,0.001
1586,457,8,6,0.6444444444444444,0.001
1587,457,8,7,0.4074074074074074,0.001
1588,457,8,8,0.1916666666666666,0.001
1589,457,8,9,0.2291666666666666,0.001
1590,457,9,0,0.3111111111111111,0.001
1591,457,9,1,0.6296296296296295,0.001
1592,457,9,2,0.5,0.001
1593,457,9,3,0.4761904761904761,0.001
1594,457,9,4,0.4074074074074074,0.001
1595,457,9,5,0.6296296296296295,0.001
1596,457,9,6,0.4444444444444444,0.001
1597,457,9,7,0.1904761904761904,0.001
1598,457,9,8,0.3333333333333333,0.001
1599,457,9,9,0.475,0.001
1600,521,0,0,0.25,0.001
1601,521,0,1,1.0,0.001
1602,521,0,2,0.64,0.001
1603,521,0,3,0.36,0.001
1604,521,0,4,0.64,0.001
1605,521,0,5,0.65,0.001
1606,521,0,6,0.4,0.001
1607,521,0,7,0.25,0.001
1608,521,0,8,1.0,0.001
1609,521,0,9,0.36,0.001
1610,521,1,0,0.25,0.001
1611,521,1,1,0.4444444444444444,0.001
1612,521,1,2,0.4,0.001
1613,521,1,3,0.64,0.001
1614,521,1,4,0.36,0.001
1615,521,1,5,0.64,0.001
1616,521,1,6,0.4,0.001
1617,521,1,7,0.6666666666666666,0.001
1618,521,1,8,1.0,0.001
1619,521,1,9,0.65,0.001
1620,521,2,0,0.25,0.001
1621,521,2,1,0.4444444444444444,0.001
1622,521,2,2,1.0,0.001
1623,521,2,3,0.64,0.001
1624,521,2,4,0.36,0.001
1625,521,2,5,1.0,0.001
1626,521,2,6,1.0,0.001
1627,521,2,7,0.36,0.001
1628,521,2,8,0.4,0.001
1629,521,2,9,0.25,0.001
1630,521,3,0,0.7000000000000001,0.001
1631,521,3,1,0.4666666666666666,0.001
1632,521,3,2,0.64,0.001
1633,521,3,3,0.4,0.001
1634,521,3,4,0.36,0.001
1635,521,3,5,0.25,0.001
1636,521,3,6,0.36,0.001
1637,521,3,7,0.64,0.001
1638,521,3,8,0.65,0.001
1639,521,3,9,1.0,0.001
1640,521,4,0,0.7000000000000001,0.001
1641,521,4,1,0.4444444444444444,0.001
1642,521,4,2,0.6666666666666666,0.001
1643,521,4,3,0.4,0.001
1644,521,4,4,0.36,0.001
1645,521,4,5,0.4,0.001
1646,521,4,6,0.16,0.001
1647,521,4,7,1.0,0.001
1648,521,4,8,0.65,0.001
1649,521,4,9,0.64,0.001
1650,521,5,0,0.1111111111111111,0.001
1651,521,5,1,0.6944444444444445,0.001
1652,521,5,2,0.64,0.001
1653,521,5,3,0.64,0.001
1654,521,5,4,0.65,0.001
1655,521,5,5,1.0,0.001
1656,521,5,6,1.0,0.001
1657,521,5,7,0.25,0.001
1658,521,5,8,0.16,0.001
1659,521,5,9,0.65,0.001
1660,521,6,0,0.5,0.001
1661,521,6,1,0.25,0.001
1662,521,6,2,1.0,0.001
1663,521,6,3,0.25,0.001
1664,521,6,4,0.36,0.001
1665,521,6,5,0.64,0.001
1666,521,6,6,0.65,0.001
1667,521,6,7,0.36,0.001
1668,521,6,8,0.64,0.001
1669,521,6,9,1.0,0.001
1670,521,7,0,0.4444444444444444,0.001
1671,521,7,1,1.0,0.001
1672,521,7,2,1.0,0.001
1673,521,7,3,0.65,0.001
1674,521,7,4,0.16,0.001
1675,521,7,5,1.0,0.001
1676,521,7,6,0.36,0.001
1677,521,7,7,0.65,0.001
1678,521,7,8,0.16,0.001
1679,521,7,9,0.16,0.001
1680,521,8,0,0.3,0.001
1681,521,8,1,0.25,0.001
1682,521,8,2,0.64,0.001
1683,521,8,3,0.65,0.001
1684,521,8,4,0.65,0.001
1685,521,8,5,0.4,0.001
1686,521,8,6,1.0,0.001
1687,521,8,7,1.0,0.001
1688,521,8,8,0.36,0.001
1689,521,8,9,0.36,0.001
1690,521,9,0,0.7000000000000001,0.001
1691,521,9,1,0.4444444444444444,0.001
1692,521,9,2,1.0,0.001
1693,521,9,3,0.4,0.001
1694,521,9,4,0.64,0.001
1695,521,9,5,0.4,0.001
1696,521,9,6,0.64,0.001
1697,521,9,7,0.16,0.001
1698,521,9,8,0.4,0.001
1699,521,9,9,0.64,0.001
1700,531,0,0,0.6875,0.001
1701,531,0,1,0.6875,0.001
1702,531,0,2,0.75,0.001
1703,531,0,3,1.0,0.001
1704,531,0,4,1.0,0.001
1705,531,0,5,0.8571428571428571,0.001
1706,531,0,6,0.8571428571428571,0.001
1707,531,0,7,1.0,0.001
1708,531,0,8,0.7428571428571429,0.001
1709,531,0,9,0.75,0.001
1710,531,1,0,0.6875,0.001
1711,531,1,1,1.0,0.001
1712,531,1,2,1.0,0.001
1713,531,1,3,1.0,0.001
1714,531,1,4,1.0,0.001
1715,531,1,5,0.4642857142857143,0.001
1716,531,1,6,0.8571428571428571,0.001
1717,531,1,7,0.8571428571428571,0.001
1718,531,1,8,1.0,0.001
1719,531,1,9,0.5952380952380952,0.001
1720,531,2,0,1.0,0.001
1721,531,2,1,0.375,0.001
1722,531,2,2,0.6875,0.001
1723,531,2,3,1.0,0.001
1724,531,2,4,0.7291666666666666,0.001
1725,531,2,5,0.5952380952380952,0.001
1726,531,2,6,1.0,0.001
1727,531,2,7,0.8571428571428571,0.001
1728,531,2,8,1.0,0.001
1729,531,2,9,0.8571428571428571,0.001
1730,531,3,0,0.65625,0.001
1731,531,3,1,0.875,0.001
1732,531,3,2,0.7708333333333334,0.001
1733,531,3,3,0.8125,0.001
1734,531,3,4,0.625,0.001
1735,531,3,5,1.0,0.001
1736,531,3,6,1.0,0.001
1737,531,3,7,0.8571428571428571,0.001
1738,531,3,8,1.0,0.001
1739,531,3,9,1.0,0.001
1740,531,4,0,0.6875,0.001
1741,531,4,1,1.0,0.001
1742,531,4,2,0.4791666666666666,0.001
1743,531,4,3,0.875,0.001
1744,531,4,4,1.0,0.001
1745,531,4,5,0.3285714285714285,0.001
1746,531,4,6,1.0,0.001
1747,531,4,7,1.0,0.001
1748,531,4,8,0.5714285714285714,0.001
1749,531,4,9,1.0,0.001
1750,531,5,0,1.0,0.001
1751,531,5,1,0.9166666666666666,0.001
1752,531,5,2,0.875,0.001
1753,531,5,3,0.75,0.001
1754,531,5,4,0.625,0.001
1755,531,5,5,1.0,0.001
1756,531,5,6,0.7142857142857143,0.001
1757,531,5,7,0.7346938775510203,0.001
1758,531,5,8,1.0,0.001
1759,531,5,9,0.4285714285714285,0.001
1760,531,6,0,0.625,0.001
1761,531,6,1,0.5625,0.001
1762,531,6,2,1.0,0.001
1763,531,6,3,0.4583333333333333,0.001
1764,531,6,4,0.75,0.001
1765,531,6,5,0.6,0.001
1766,531,6,6,1.0,0.001
1767,531,6,7,0.9285714285714286,0.001
1768,531,6,8,1.0,0.001
1769,531,6,9,0.5285714285714286,0.001
1770,531,7,0,0.7708333333333334,0.001
1771,531,7,1,1.0,0.001
1772,531,7,2,1.0,0.001
1773,531,7,3,0.7708333333333334,0.001
1774,531,7,4,0.625,0.001
1775,531,7,5,1.0,0.001
1776,531,7,6,0.8571428571428571,0.001
1777,531,7,7,0.7142857142857143,0.001
1778,531,7,8,1.0,0.001
1779,531,7,9,1.0,0.001
1780,531,8,0,0.8125,0.001
1781,531,8,1,0.7678571428571428,0.001
1782,531,8,2,0.75,0.001
1783,531,8,3,0.625,0.001
1784,531,8,4,0.53125,0.001
1785,531,8,5,0.7857142857142857,0.001
1786,531,8,6,1.0,0.001
1787,531,8,7,1.0,0.001
1788,531,8,8,0.9285714285714286,0.001
1789,531,8,9,0.7857142857142857,0.001
1790,531,9,0,1.0,0.001
1791,531,9,1,0.53125,0.001
1792,531,9,2,0.875,0.001
1793,531,9,3,1.0,0.001
1794,531,9,4,0.625,0.001
1795,531,9,5,0.9285714285714286,0.001
1796,531,9,6,1.0,0.001
1797,531,9,7,0.7142857142857143,0.001
1798,531,9,8,0.7142857142857143,0.001
1799,531,9,9,0.6071428571428571,0.001
1800,560,0,0,0.4131578947368421,0.001
1801,560,0,1,0.25,0.001
1802,560,0,2,0.1224999999999999,0.001
1803,560,0,3,0.25,0.001
1804,560,0,4,0.6157894736842106,0.001
1805,560,0,5,0.1772853185595568,0.001
1806,560,0,6,0.2770083102493074,0.001
1807,560,0,7,0.1772853185595568,0.001
1808,560,0,8,0.224376731301939,0.001
1809,560,0,9,0.1772853185595568,0.001
1810,560,1,0,0.3789473684210526,0.001
1811,560,1,1,0.4225,0.001
1812,560,1,2,0.6131578947368421,0.001
1813,560,1,3,0.16,0.001
1814,560,1,4,0.3025,0.001
1815,560,1,5,0.1486068111455108,0.001
1816,560,1,6,0.5429362880886427,0.001
1817,560,1,7,0.2770083102493074,0.001
1818,560,1,8,0.1772853185595568,0.001
1819,560,1,9,0.0997229916897506,0.001
1820,560,2,0,0.4631578947368421,0.001
1821,560,2,1,0.16,0.001
1822,560,2,2,0.25,0.001
1823,560,2,3,0.3025,0.001
1824,560,2,4,0.25,0.001
1825,560,2,5,0.1357340720221606,0.001
1826,560,2,6,0.2770083102493074,0.001
1827,560,2,7,0.3421052631578947,0.001
1828,560,2,8,0.2770083102493074,0.001
1829,560,2,9,0.224376731301939,0.001
1830,560,3,0,0.2024999999999999,0.001
1831,560,3,1,0.4131578947368421,0.001
1832,560,3,2,0.36,0.001
1833,560,3,3,0.25,0.001
1834,560,3,4,0.16,0.001
1835,560,3,5,0.2770083102493074,0.001
1836,560,3,6,0.5029239766081871,0.001
1837,560,3,7,0.1772853185595568,0.001
1838,560,3,8,0.1950464396284829,0.001
1839,560,3,9,0.335180055401662,0.001
1840,560,4,0,0.2024999999999999,0.001
1841,560,4,1,0.4184210526315789,0.001
1842,560,4,2,0.25,0.001
1843,560,4,3,0.0972222222222222,0.001
1844,560,4,4,0.4684210526315789,0.001
1845,560,4,5,0.335180055401662,0.001
1846,560,4,6,0.224376731301939,0.001
1847,560,4,7,0.5429362880886427,0.001
1848,560,4,8,0.335180055401662,0.001
1849,560,4,9,0.1357340720221606,0.001
1850,560,5,0,0.5131578947368421,0.001
1851,560,5,1,0.4684210526315789,0.001
1852,560,5,2,0.3025,0.001
1853,560,5,3,0.04,0.001
1854,560,5,4,0.25,0.001
1855,560,5,5,0.224376731301939,0.001
1856,560,5,6,0.1772853185595568,0.001
1857,560,5,7,0.3988919667590027,0.001
1858,560,5,8,0.224376731301939,0.001
1859,560,5,9,0.2770083102493074,0.001
1860,560,6,0,0.1224999999999999,0.001
1861,560,6,1,0.4184210526315789,0.001
1862,560,6,2,0.36,0.001
1863,560,6,3,0.36,0.001
1864,560,6,4,0.5184210526315789,0.001
1865,560,6,5,0.3988919667590027,0.001
1866,560,6,6,0.1486068111455108,0.001
1867,560,6,7,0.1357340720221606,0.001
1868,560,6,8,0.2770083102493074,0.001
1869,560,6,9,0.1357340720221606,0.001
1870,560,7,0,0.2024999999999999,0.001
1871,560,7,1,0.2024999999999999,0.001
1872,560,7,2,0.4225,0.001
1873,560,7,3,0.2852941176470588,0.001
1874,560,7,4,0.4421052631578946,0.001
1875,560,7,5,0.224376731301939,0.001
1876,560,7,6,0.2770083102493074,0.001
1877,560,7,7,0.224376731301939,0.001
1878,560,7,8,0.1357340720221606,0.001
1879,560,7,9,0.6232686980609419,0.001
1880,560,8,0,0.25,0.001
1881,560,8,1,0.4225,0.001
1882,560,8,2,0.25,0.001
1883,560,8,3,0.4225,0.001
1884,560,8,4,0.16,0.001
1885,560,8,5,0.1772853185595568,0.001
1886,560,8,6,0.0997229916897506,0.001
1887,560,8,7,0.2507739938080495,0.001
1888,560,8,8,0.1357340720221606,0.001
1889,560,8,9,0.2770083102493074,0.001
1890,560,9,0,0.4631578947368421,0.001
1891,560,9,1,0.2024999999999999,0.001
1892,560,9,2,0.3447368421052631,0.001
1893,560,9,3,0.25,0.001
1894,560,9,4,0.3025,0.001
1895,560,9,5,0.2770083102493074,0.001
1896,560,9,6,0.224376731301939,0.001
1897,560,9,7,0.2770083102493074,0.001
1898,560,9,8,0.2770083102493074,0.001
1899,560,9,9,0.2770083102493074,0.001
1900,561,0,0,0.7619047619047619,0.001
1901,561,0,1,0.626530612244898,0.001
1902,561,0,2,0.4251700680272109,0.001
1903,561,0,3,0.4821428571428571,0.001
1904,561,0,4,0.4928571428571429,0.001
1905,561,0,5,0.6051282051282052,0.001
1906,561,0,6,0.3429487179487179,0.001
1907,561,0,7,0.3589743589743589,0.001
1908,561,0,8,0.7435897435897435,0.001
1909,561,0,9,0.6076923076923076,0.001
1910,561,1,0,0.3632653061224489,0.001
1911,561,1,1,0.630952380952381,0.001
1912,561,1,2,0.630952380952381,0.001
1913,561,1,3,0.2142857142857142,0.001
1914,561,1,4,0.8571428571428571,0.001
1915,561,1,5,0.3867521367521367,0.001
1916,561,1,6,0.8076923076923077,0.001
1917,561,1,7,0.6410256410256411,0.001
1918,561,1,8,0.4198717948717948,0.001
1919,561,1,9,0.5384615384615384,0.001
1920,561,2,0,0.6696428571428571,0.001
1921,561,2,1,0.5578231292517006,0.001
1922,561,2,2,0.7261904761904763,0.001
1923,561,2,3,0.2372448979591836,0.001
1924,561,2,4,0.6836734693877551,0.001
1925,561,2,5,0.4102564102564102,0.001
1926,561,2,6,0.7846153846153846,0.001
1927,561,2,7,0.4444444444444444,0.001
1928,561,2,8,0.5982905982905983,0.001
1929,561,2,9,0.4963369963369963,0.001
1930,561,3,0,0.8673469387755102,0.001
1931,561,3,1,0.8673469387755102,0.001
1932,561,3,2,0.7363945578231293,0.001
1933,561,3,3,0.6523809523809524,0.001
1934,561,3,4,0.5280612244897959,0.001
1935,561,3,5,0.4102564102564102,0.001
1936,561,3,6,0.7205128205128205,0.001
1937,561,3,7,0.3516483516483516,0.001
1938,561,3,8,0.2538461538461538,0.001
1939,561,3,9,0.2179487179487179,0.001
1940,561,4,0,0.8714285714285713,0.001
1941,561,4,1,0.6517857142857143,0.001
1942,561,4,2,0.6279761904761905,0.001
1943,561,4,3,0.7374999999999999,0.001
1944,561,4,4,0.7142857142857143,0.001
1945,561,4,5,0.5641025641025641,0.001
1946,561,4,6,0.266025641025641,0.001
1947,561,4,7,0.5384615384615384,0.001
1948,561,4,8,0.3076923076923077,0.001
1949,561,4,9,0.421978021978022,0.001
1950,561,5,0,0.3488095238095238,0.001
1951,561,5,1,0.7380952380952381,0.001
1952,561,5,2,0.2803571428571428,0.001
1953,561,5,3,0.629251700680272,0.001
1954,561,5,4,0.7232142857142857,0.001
1955,561,5,5,0.5961538461538461,0.001
1956,561,5,6,0.7264957264957265,0.001
1957,561,5,7,0.6,0.001
1958,561,5,8,0.6593406593406593,0.001
1959,561,5,9,0.3615384615384615,0.001
1960,561,6,0,0.4404761904761905,0.001
1961,561,6,1,0.3660714285714285,0.001
1962,561,6,2,0.5918367346938774,0.001
1963,561,6,3,0.5174603174603175,0.001
1964,561,6,4,0.6387755102040816,0.001
1965,561,6,5,0.6051282051282052,0.001
1966,561,6,6,0.6135531135531135,0.001
1967,561,6,7,0.6666666666666666,0.001
1968,561,6,8,0.5192307692307693,0.001
1969,561,6,9,0.5769230769230769,0.001
1970,561,7,0,0.326984126984127,0.001
1971,561,7,1,0.7936507936507936,0.001
1972,561,7,2,0.5089285714285714,0.001
1973,561,7,3,0.6241496598639455,0.001
1974,561,7,4,0.569047619047619,0.001
1975,561,7,5,0.7362637362637362,0.001
1976,561,7,6,0.4448717948717948,0.001
1977,561,7,7,0.5686813186813187,0.001
1978,561,7,8,0.5217948717948718,0.001
1979,561,7,9,0.4865384615384615,0.001
1980,561,8,0,0.3027210884353741,0.001
1981,561,8,1,0.576530612244898,0.001
1982,561,8,2,0.5578231292517006,0.001
1983,561,8,3,0.6666666666666667,0.001
1984,561,8,4,0.55,0.001
1985,561,8,5,0.7435897435897437,0.001
1986,561,8,6,0.7435897435897435,0.001
1987,561,8,7,0.227106227106227,0.001
1988,561,8,8,0.7802197802197802,0.001
1989,561,8,9,0.4578754578754579,0.001
1990,561,9,0,0.4251700680272109,0.001
1991,561,9,1,0.4452380952380951,0.001
1992,561,9,2,0.7363945578231293,0.001
1993,561,9,3,0.6428571428571429,0.001
1994,561,9,4,0.7946428571428571,0.001
1995,561,9,5,0.676923076923077,0.001
1996,561,9,6,0.2719780219780219,0.001
1997,561,9,7,0.2527472527472527,0.001
1998,561,9,8,0.5480769230769231,0.001
1999,561,9,9,0.5923076923076923,0.001
2000,565,0,0,0.5714285714285714,0.001
2001,565,0,1,1.0,0.001
2002,565,0,2,1.0,0.001
2003,565,0,3,0.75,0.001
2004,565,0,4,1.0,0.001
2005,565,0,5,1.0,0.001
2006,565,0,6,0.7000000000000001,0.001
2007,565,0,7,1.0,0.001
2008,565,0,8,1.0,0.001
2009,565,0,9,1.0,0.001
2010,565,1,0,0.7428571428571429,0.001
2011,565,1,1,1.0,0.001
2012,565,1,2,1.0,0.001
2013,565,1,3,1.0,0.001
2014,565,1,4,1.0,0.001
2015,565,1,5,1.0,0.001
2016,565,1,6,0.75,0.001
2017,565,1,7,0.5,0.001
2018,565,1,8,1.0,0.001
2019,565,1,9,1.0,0.001
2020,565,2,0,0.6428571428571429,0.001
2021,565,2,1,0.75,0.001
2022,565,2,2,1.0,0.001
2023,565,2,3,1.0,0.001
2024,565,2,4,1.0,0.001
2025,565,2,5,1.0,0.001
2026,565,2,6,0.7083333333333334,0.001
2027,565,2,7,1.0,0.001
2028,565,2,8,1.0,0.001
2029,565,2,9,1.0,0.001
2030,565,3,0,0.7380952380952381,0.001
2031,565,3,1,1.0,0.001
2032,565,3,2,0.9285714285714286,0.001
2033,565,3,3,1.0,0.001
2034,565,3,4,1.0,0.001
2035,565,3,5,1.0,0.001
2036,565,3,6,1.0,0.001
2037,565,3,7,1.0,0.001
2038,565,3,8,0.5,0.001
2039,565,3,9,1.0,0.001
2040,565,4,0,1.0,0.001
2041,565,4,1,0.7142857142857143,0.001
2042,565,4,2,1.0,0.001
2043,565,4,3,0.5428571428571428,0.001
2044,565,4,4,1.0,0.001
2045,565,4,5,0.7428571428571429,0.001
2046,565,4,6,1.0,0.001
2047,565,4,7,1.0,0.001
2048,565,4,8,1.0,0.001
2049,565,4,9,1.0,0.001
2050,565,5,0,0.7428571428571429,0.001
2051,565,5,1,1.0,0.001
2052,565,5,2,1.0,0.001
2053,565,5,3,1.0,0.001
2054,565,5,4,1.0,0.001
2055,565,5,5,0.6428571428571429,0.001
2056,565,5,6,1.0,0.001
2057,565,5,7,0.7222222222222222,0.001
2058,565,5,8,1.0,0.001
2059,565,5,9,0.6666666666666666,0.001
2060,565,6,0,1.0,0.001
2061,565,6,1,0.75,0.001
2062,565,6,2,1.0,0.001
2063,565,6,3,1.0,0.001
2064,565,6,4,0.75,0.001
2065,565,6,5,1.0,0.001
2066,565,6,6,1.0,0.001
2067,565,6,7,1.0,0.001
2068,565,6,8,1.0,0.001
2069,565,6,9,0.5,0.001
2070,565,7,0,1.0,0.001
2071,565,7,1,1.0,0.001
2072,565,7,2,0.7380952380952381,0.001
2073,565,7,3,1.0,0.001
2074,565,7,4,0.7857142857142857,0.001
2075,565,7,5,0.7619047619047619,0.001
2076,565,7,6,1.0,0.001
2077,565,7,7,1.0,0.001
2078,565,7,8,0.75,0.001
2079,565,7,9,1.0,0.001
2080,565,8,0,0.7619047619047619,0.001
2081,565,8,1,1.0,0.001
2082,565,8,2,1.0,0.001
2083,565,8,3,1.0,0.001
2084,565,8,4,1.0,0.001
2085,565,8,5,0.7428571428571429,0.001
2086,565,8,6,1.0,0.001
2087,565,8,7,1.0,0.001
2088,565,8,8,0.9166666666666666,0.001
2089,565,8,9,0.7083333333333334,0.001
2090,565,9,0,0.75,0.001
2091,565,9,1,0.619047619047619,0.001
2092,565,9,2,1.0,0.001
2093,565,9,3,1.0,0.001
2094,565,9,4,1.0,0.001
2095,565,9,5,0.75,0.001
2096,565,9,6,1.0,0.001
2097,565,9,7,1.0,0.001
2098,565,9,8,1.0,0.001
2099,565,9,9,1.0,0.001
2100,575,0,0,0.5125,0.001
2101,575,0,1,0.6571428571428571,0.001
2102,575,0,2,0.5,0.001
2103,575,0,3,0.65,0.001
2104,575,0,4,0.55,0.001
2105,575,0,5,0.5125,0.001
2106,575,0,6,0.25,0.001
2107,575,0,7,0.16,0.001
2108,575,0,8,0.6444444444444444,0.001
2109,575,0,9,0.6190476190476191,0.001
2110,575,1,0,0.6666666666666666,0.001
2111,575,1,1,0.8166666666666668,0.001
2112,575,1,2,0.2777777777777778,0.001
2113,575,1,3,0.5285714285714286,0.001
2114,575,1,4,0.65,0.001
2115,575,1,5,0.5,0.001
2116,575,1,6,0.5,0.001
2117,575,1,7,0.2777777777777778,0.001
2118,575,1,8,0.4444444444444444,0.001
2119,575,1,9,0.4074074074074074,0.001
2120,575,2,0,0.3777777777777777,0.001
2121,575,2,1,0.6444444444444445,0.001
2122,575,2,2,0.6444444444444445,0.001
2123,575,2,3,0.6571428571428571,0.001
2124,575,2,4,0.4166666666666667,0.001
2125,575,2,5,0.16,0.001
2126,575,2,6,0.8125,0.001
2127,575,2,7,0.5125,0.001
2128,575,2,8,0.6296296296296295,0.001
2129,575,2,9,0.4074074074074074,0.001
2130,575,3,0,0.5285714285714286,0.001
2131,575,3,1,0.5,0.001
2132,575,3,2,0.825,0.001
2133,575,3,3,0.6444444444444445,0.001
2134,575,3,4,0.2777777777777778,0.001
2135,575,3,5,0.25,0.001
2136,575,3,6,0.4899999999999999,0.001
2137,575,3,7,0.5125,0.001
2138,575,3,8,0.4761904761904761,0.001
2139,575,3,9,0.6190476190476191,0.001
2140,575,4,0,0.45,0.001
2141,575,4,1,0.3125,0.001
2142,575,4,2,0.4,0.001
2143,575,4,3,0.4,0.001
2144,575,4,4,0.2777777777777778,0.001
2145,575,4,5,0.65,0.001
2146,575,4,6,0.8166666666666668,0.001
2147,575,4,7,0.8111111111111111,0.001
2148,575,4,8,0.6190476190476191,0.001
2149,575,4,9,0.365079365079365,0.001
2150,575,5,0,0.5285714285714286,0.001
2151,575,5,1,0.5285714285714286,0.001
2152,575,5,2,0.6444444444444445,0.001
2153,575,5,3,0.55,0.001
2154,575,5,4,0.65,0.001
2155,575,5,5,0.5285714285714286,0.001
2156,575,5,6,0.4,0.001
2157,575,5,7,0.2777777777777778,0.001
2158,575,5,8,0.3086419753086419,0.001
2159,575,5,9,0.6111111111111112,0.001
2160,575,6,0,0.5,0.001
2161,575,6,1,0.8125,0.001
2162,575,6,2,0.2777777777777778,0.001
2163,575,6,3,0.82,0.001
2164,575,6,4,0.3125,0.001
2165,575,6,5,0.4285714285714285,0.001
2166,575,6,6,0.2,0.001
2167,575,6,7,0.8166666666666668,0.001
2168,575,6,8,0.4444444444444444,0.001
2169,575,6,9,0.6111111111111112,0.001
2170,575,7,0,0.6571428571428571,0.001
2171,575,7,1,0.6571428571428571,0.001
2172,575,7,2,0.55,0.001
2173,575,7,3,0.6444444444444445,0.001
2174,575,7,4,0.3777777777777777,0.001
2175,575,7,5,0.5125,0.001
2176,575,7,6,0.3777777777777777,0.001
2177,575,7,7,0.5,0.001
2178,575,7,8,0.4583333333333333,0.001
2179,575,7,9,0.3518518518518518,0.001
2180,575,8,0,0.4285714285714285,0.001
2181,575,8,1,0.6571428571428571,0.001
2182,575,8,2,0.4285714285714285,0.001
2183,575,8,3,0.3777777777777777,0.001
2184,575,8,4,0.25,0.001
2185,575,8,5,0.6444444444444445,0.001
2186,575,8,6,0.5,0.001
2187,575,8,7,0.6444444444444445,0.001
2188,575,8,8,0.6190476190476191,0.001
2189,575,8,9,0.4074074074074074,0.001
2190,575,9,0,0.8125,0.001
2191,575,9,1,0.3125,0.001
2192,575,9,2,1.0,0.001
2193,575,9,3,0.8111111111111111,0.001
2194,575,9,4,0.5125,0.001
2195,575,9,5,0.4666666666666667,0.001
2196,575,9,6,0.3125,0.001
2197,575,9,7,0.3125,0.001
2198,575,9,8,0.3086419753086419,0.001
2199,575,9,9,0.4761904761904761,0.001
2200,597,0,0,0.5238095238095238,0.001
2201,597,0,1,0.25,0.001
2202,597,0,2,0.3,0.001
2203,597,0,3,1.0,0.001
2204,597,0,4,0.4444444444444444,0.001
2205,597,0,5,0.4444444444444444,0.001
2206,597,0,6,1.0,0.001
2207,597,0,7,0.7000000000000001,0.001
2208,597,0,8,0.6944444444444445,0.001
2209,597,0,9,0.1111111111111111,0.001
2210,597,1,0,0.3265306122448979,0.001
2211,597,1,1,0.4444444444444444,0.001
2212,597,1,2,0.6944444444444445,0.001
2213,597,1,3,0.4666666666666666,0.001
2214,597,1,4,0.25,0.001
2215,597,1,5,0.1111111111111111,0.001
2216,597,1,6,0.6944444444444445,0.001
2217,597,1,7,0.7000000000000001,0.001
2218,597,1,8,1.0,0.001
2219,597,1,9,0.7083333333333334,0.001
2220,597,2,0,0.5428571428571428,0.001
2221,597,2,1,0.1111111111111111,0.001
2222,597,2,2,0.1999999999999999,0.001
2223,597,2,3,0.6944444444444445,0.001
2224,597,2,4,0.6944444444444445,0.001
2225,597,2,5,0.6944444444444445,0.001
2226,597,2,6,0.4666666666666666,0.001
2227,597,2,7,0.4444444444444444,0.001
2228,597,2,8,0.6944444444444445,0.001
2229,597,2,9,1.0,0.001
2230,597,3,0,0.3265306122448979,0.001
2231,597,3,1,0.7000000000000001,0.001
2232,597,3,2,0.4666666666666666,0.001
2233,597,3,3,0.4444444444444444,0.001
2234,597,3,4,0.4444444444444444,0.001
2235,597,3,5,0.4444444444444444,0.001
2236,597,3,6,0.6944444444444445,0.001
2237,597,3,7,0.6944444444444445,0.001
2238,597,3,8,0.375,0.001
2239,597,3,9,0.7000000000000001,0.001
2240,597,4,0,0.7346938775510203,0.001
2241,597,4,1,1.0,0.001
2242,597,4,2,0.0277777777777777,0.001
2243,597,4,3,1.0,0.001
2244,597,4,4,0.6944444444444445,0.001
2245,597,4,5,0.3,0.001
2246,597,4,6,0.6944444444444445,0.001
2247,597,4,7,0.6944444444444445,0.001
2248,597,4,8,0.3,0.001
2249,597,4,9,0.25,0.001
2250,597,5,0,0.5102040816326531,0.001
2251,597,5,1,0.6944444444444445,0.001
2252,597,5,2,0.4666666666666666,0.001
2253,597,5,3,0.25,0.001
2254,597,5,4,0.4444444444444444,0.001
2255,597,5,5,0.7083333333333334,0.001
2256,597,5,6,0.7000000000000001,0.001
2257,597,5,7,0.4666666666666666,0.001
2258,597,5,8,0.6944444444444445,0.001
2259,597,5,9,0.25,0.001
2260,597,6,0,0.238095238095238,0.001
2261,597,6,1,0.7000000000000001,0.001
2262,597,6,2,0.4444444444444444,0.001
2263,597,6,3,0.4444444444444444,0.001
2264,597,6,4,0.25,0.001
2265,597,6,5,0.6944444444444445,0.001
2266,597,6,6,0.3,0.001
2267,597,6,7,1.0,0.001
2268,597,6,8,0.4444444444444444,0.001
2269,597,6,9,1.0,0.001
2270,597,7,0,0.7346938775510203,0.001
2271,597,7,1,0.4444444444444444,0.001
2272,597,7,2,0.7222222222222222,0.001
2273,597,7,3,0.7000000000000001,0.001
2274,597,7,4,0.25,0.001
2275,597,7,5,0.1999999999999999,0.001
2276,597,7,6,0.4444444444444444,0.001
2277,597,7,7,1.0,0.001
2278,597,7,8,0.4444444444444444,0.001
2279,597,7,9,0.4444444444444444,0.001
2280,597,8,0,1.0,0.001
2281,597,8,1,0.4444444444444444,0.001
2282,597,8,2,0.25,0.001
2283,597,8,3,0.25,0.001
2284,597,8,4,0.1999999999999999,0.001
2285,597,8,5,1.0,0.001
2286,597,8,6,0.6944444444444445,0.001
2287,597,8,7,0.3,0.001
2288,597,8,8,0.7000000000000001,0.001
2289,597,8,9,0.6944444444444445,0.001
2290,597,9,0,0.7380952380952381,0.001
2291,597,9,1,0.5,0.001
2292,597,9,2,0.4444444444444444,0.001
2293,597,9,3,0.7000000000000001,0.001
2294,597,9,4,0.4666666666666666,0.001
2295,597,9,5,0.25,0.001
2296,597,9,6,0.25,0.001
2297,597,9,7,1.0,0.001
2298,597,9,8,0.6944444444444445,0.001
2299,597,9,9,0.25,0.001
