vehicle_id,repeat,fold,precision,best_alpha
181,0,0,0.7916666666666666,0.001
181,0,1,0.8055555555555556,0.001
181,0,2,0.8,0.001
181,0,3,0.7916666666666666,0.001
181,0,4,0.7708333333333334,0.001
181,0,5,0.78125,0.001
181,0,6,0.7708333333333334,0.001
181,0,7,0.7916666666666666,0.001
181,0,8,1.0,0.001
181,0,9,0.7916666666666666,0.001
181,1,0,0.8,0.001
181,1,1,0.6190476190476191,0.001
181,1,2,0.6296296296296295,0.001
181,1,3,1.0,0.001
181,1,4,1.0,0.001
181,1,5,0.775,0.001
181,1,6,0.6666666666666666,0.001
181,1,7,0.53125,0.001
181,1,8,1.0,0.001
181,1,9,1.0,0.001
181,2,0,1.0,0.001
181,2,1,0.7936507936507936,0.001
181,2,2,1.0,0.001
181,2,3,0.775,0.001
181,2,4,0.6,0.001
181,2,5,0.625,0.001
181,2,6,1.0,0.001
181,2,7,0.6,0.001
181,2,8,0.78125,0.001
181,2,9,1.0,0.001
181,3,0,1.0,0.001
181,3,1,0.4583333333333333,0.001
181,3,2,1.0,0.001
181,3,3,0.75,0.001
181,3,4,1.0,0.001
181,3,5,0.6,0.001
181,3,6,1.0,0.001
181,3,7,1.0,0.001
181,3,8,0.53125,0.001
181,3,9,0.775,0.001
181,4,0,0.5,0.001
181,4,1,1.0,0.001
181,4,2,0.7936507936507936,0.001
181,4,3,0.4107142857142857,0.001
181,4,4,1.0,0.001
181,4,5,1.0,0.001
181,4,6,0.7916666666666666,0.001
181,4,7,0.7916666666666666,0.001
181,4,8,1.0,0.001
181,4,9,1.0,0.001
181,5,0,0.8,0.001
181,5,1,0.8,0.001
181,5,2,1.0,0.001
181,5,3,0.775,0.001
181,5,4,0.6666666666666666,0.001
181,5,5,0.7678571428571428,0.001
181,5,6,1.0,0.001
181,5,7,0.775,0.001
181,5,8,1.0,0.001
181,5,9,0.625,0.001
181,6,0,0.6111111111111112,0.001
181,6,1,0.8,0.001
181,6,2,0.8055555555555556,0.001
181,6,3,0.78125,0.001
181,6,4,0.5833333333333333,0.001
181,6,5,0.775,0.001
181,6,6,1.0,0.001
181,6,7,1.0,0.001
181,6,8,0.7708333333333334,0.001
181,6,9,1.0,0.001
181,7,0,1.0,0.001
181,7,1,0.8,0.001
181,7,2,0.8055555555555556,0.001
181,7,3,0.7916666666666666,0.001
181,7,4,0.7708333333333334,0.001
181,7,5,0.7678571428571428,0.001
181,7,6,0.7916666666666666,0.001
181,7,7,0.8125,0.001
181,7,8,0.7708333333333334,0.001
181,7,9,0.775,0.001
181,8,0,0.6190476190476191,0.001
181,8,1,1.0,0.001
181,8,2,0.8,0.001
181,8,3,0.7678571428571428,0.001
181,8,4,0.7916666666666666,0.001
181,8,5,0.6,0.001
181,8,6,0.8125,0.001
181,8,7,1.0,0.001
181,8,8,1.0,0.001
181,8,9,0.775,0.001
181,9,0,1.0,0.001
181,9,1,0.6444444444444444,0.001
181,9,2,0.6296296296296295,0.001
181,9,3,1.0,0.001
181,9,4,0.78125,0.001
181,9,5,0.775,0.001
181,9,6,0.78125,0.001
181,9,7,0.7708333333333334,0.001
181,9,8,0.7708333333333334,0.001
181,9,9,1.0,0.001
185,0,0,0.25,0.001
185,0,1,0.5625,0.001
185,0,2,0.4125,0.001
185,0,3,0.2857142857142857,0.001
185,0,4,0.78125,0.001
185,0,5,0.4375,0.001
185,0,6,0.25,0.001
185,0,7,0.25,0.001
185,0,8,0.4642857142857143,0.001
185,0,9,0.5428571428571428,0.001
185,1,0,0.6666666666666666,0.001
185,1,1,0.4375,0.001
185,1,2,0.775,0.001
185,1,3,0.140625,0.001
185,1,4,0.475,0.001
185,1,5,0.5833333333333333,0.001
185,1,6,0.6,0.001
185,1,7,0.475,0.001
185,1,8,0.39285714285714285,0.001
185,1,9,0.5714285714285714,0.001
185,2,0,0.4125,0.001
185,2,1,0.5625,0.001
185,2,2,0.017857142857142856,0.001
185,2,3,0.2708333333333333,0.001
185,2,4,0.4375,0.001
185,2,5,0.4375,0.001
185,2,6,0.14166666666666666,0.001
185,2,7,0.1607142857142857,0.001
185,2,8,0.9285714285714286,0.001
185,2,9,0.39999999999999997,0.001
185,3,0,0.5833333333333333,0.001
185,3,1,0.4375,0.001
185,3,2,0.475,0.001
185,3,3,0.6,0.001
185,3,4,0.4375,0.001
185,3,5,0.475,0.001
185,3,6,0.26666666666666666,0.001
185,3,7,0.26666666666666666,0.001
185,3,8,0.6785714285714286,0.001
185,3,9,0.42857142857142855,0.001
185,4,0,0.3916666666666666,0.001
185,4,1,0.5833333333333333,0.001
185,4,2,0.19642857142857142,0.001
185,4,3,0.375,0.001
185,4,4,0.53125,0.001
185,4,5,0.4375,0.001
185,4,6,0.53125,0.001
185,4,7,0.25,0.001
185,4,8,0.18571428571428572,0.001
185,4,9,0.2261904761904762,0.001
185,5,0,0.4125,0.001
185,5,1,0.6666666666666666,0.001
185,5,2,0.6,0.001
185,5,3,0.4107142857142857,0.001
185,5,4,0.4107142857142857,0.001
185,5,5,0.1875,0.001
185,5,6,0.2857142857142857,0.001
185,5,7,0.6041666666666666,0.001
185,5,8,0.2857142857142857,0.001
185,5,9,0.7428571428571429,0.001
185,6,0,0.5714285714285714,0.001
185,6,1,0.26666666666666666,0.001
185,6,2,0.4107142857142857,0.001
185,6,3,0.35,0.001
185,6,4,0.4375,0.001
185,6,5,0.3125,0.001
185,6,6,0.6,0.001
185,6,7,0.14583333333333331,0.001
185,6,8,0.23809523809523808,0.001
185,6,9,0.7142857142857143,0.001
185,7,0,0.14166666666666666,0.001
185,7,1,0.4416666666666667,0.001
185,7,2,0.2857142857142857,0.001
185,7,3,0.6041666666666666,0.001
185,7,4,0.4375,0.001
185,7,5,0.3333333333333333,0.001
185,7,6,0.625,0.001
185,7,7,0.6,0.001
185,7,8,0.5428571428571428,0.001
185,7,9,0.39999999999999997,0.001
185,8,0,0.4375,0.001
185,8,1,0.625,0.001
185,8,2,0.5625,0.001
185,8,3,0.4375,0.001
185,8,4,0.22499999999999998,0.001
185,8,5,0.3333333333333333,0.001
185,8,6,0.7291666666666666,0.001
185,8,7,0.2708333333333333,0.001
185,8,8,0.5238095238095238,0.001
185,8,9,0.5428571428571428,0.001
185,9,0,0.9375,0.001
185,9,1,0.14583333333333331,0.001
185,9,2,0.5416666666666667,0.001
185,9,3,0.475,0.001
185,9,4,0.3333333333333333,0.001
185,9,5,0.2857142857142857,0.001
185,9,6,0.25,0.001
185,9,7,0.5833333333333333,0.001
185,9,8,0.5714285714285714,0.001
185,9,9,0.5714285714285714,0.001
223,0,0,0.625,0.001
223,0,1,0.40559440559440557,0.001
223,0,2,0.26573426573426573,0.001
223,0,3,0.40559440559440557,0.001
223,0,4,0.5076923076923077,0.001
223,0,5,0.32867132867132864,0.001
223,0,6,0.7307692307692307,0.001
223,0,7,0.5076923076923077,0.001
223,0,8,0.49572649572649574,0.001
223,0,9,0.4230769230769231,0.001
223,1,0,0.31818181818181823,0.001
223,1,1,0.7307692307692307,0.001
223,1,2,0.32867132867132864,0.001
223,1,3,0.7202797202797202,0.001
223,1,4,0.26573426573426573,0.001
223,1,5,0.7307692307692307,0.001
223,1,6,0.6013986013986015,0.001
223,1,7,0.49650349650349646,0.001
223,1,8,0.7264957264957265,0.001
223,1,9,0.17948717948717946,0.001
223,2,0,0.44805194805194803,0.001
223,2,1,0.5076923076923077,0.001
223,2,2,0.28994082840236685,0.001
223,2,3,0.8571428571428571,0.001
223,2,4,0.32867132867132864,0.001
223,2,5,0.49650349650349646,0.001
223,2,6,0.4230769230769231,0.001
223,2,7,0.4230769230769231,0.001
223,2,8,0.7230769230769231,0.001
223,2,9,0.4230769230769231,0.001
223,3,0,0.65,0.001
223,3,1,0.3538461538461538,0.001
223,3,2,0.7230769230769231,0.001
223,3,3,0.7230769230769231,0.001
223,3,4,0.1346153846153846,0.001
223,3,5,0.4230769230769231,0.001
223,3,6,0.32867132867132864,0.001
223,3,7,0.7230769230769231,0.001
223,3,8,0.4230769230769231,0.001
223,3,9,0.4230769230769231,0.001
223,4,0,0.625,0.001
223,4,1,0.14792899408284024,0.001
223,4,2,0.44755244755244755,0.001
223,4,3,0.40559440559440557,0.001
223,4,4,0.40559440559440557,0.001
223,4,5,0.8557692307692307,0.001
223,4,6,0.5213675213675214,0.001
223,4,7,0.6373626373626373,0.001
223,4,8,0.5076923076923077,0.001
223,4,9,0.26573426573426573,0.001
223,5,0,0.6517857142857143,0.001
223,5,1,0.3910256410256411,0.001
223,5,2,0.6076923076923076,0.001
223,5,3,0.40559440559440557,0.001
223,5,4,0.29059829059829057,0.001
223,5,5,0.7264957264957265,0.001
223,5,6,0.21301775147928995,0.001
223,5,7,0.40559440559440557,0.001
223,5,8,0.8538461538461538,0.001
223,5,9,0.3,0.001
223,6,0,0.4642857142857143,0.001
223,6,1,0.5076923076923077,0.001
223,6,2,0.6076923076923076,0.001
223,6,3,0.26573426573426573,0.001
223,6,4,0.5213675213675214,0.001
223,6,5,0.5076923076923077,0.001
223,6,6,0.49650349650349646,0.001
223,6,7,0.4230769230769231,0.001
223,6,8,0.6013986013986015,0.001
223,6,9,0.49650349650349646,0.001
223,7,0,0.5324675324675324,0.001
223,7,1,0.6153846153846154,0.001
223,7,2,0.7202797202797202,0.001
223,7,3,0.32867132867132864,0.001
223,7,4,0.8538461538461538,0.001
223,7,5,0.5213675213675214,0.001
223,7,6,0.3910256410256411,0.001
223,7,7,0.3418803418803419,0.001
223,7,8,0.26573426573426573,0.001
223,7,9,0.5076923076923077,0.001
223,8,0,0.3766233766233766,0.001
223,8,1,0.40559440559440557,0.001
223,8,2,0.6013986013986015,0.001
223,8,3,0.6076923076923076,0.001
223,8,4,0.6013986013986015,0.001
223,8,5,0.40559440559440557,0.001
223,8,6,0.5076923076923077,0.001
223,8,7,0.3942307692307692,0.001
223,8,8,0.591715976331361,0.001
223,8,9,0.5604395604395604,0.001
223,9,0,0.4642857142857143,0.001
223,9,1,0.3,0.001
223,9,2,0.6076923076923076,0.001
223,9,3,0.6153846153846154,0.001
223,9,4,0.5961538461538461,0.001
223,9,5,0.47115384615384615,0.001
223,9,6,0.47928994082840237,0.001
223,9,7,0.38461538461538464,0.001
223,9,8,0.3910256410256411,0.001
223,9,9,0.7230769230769231,0.001
231,0,0,0.2,0.001
231,0,1,0.1,0.001
231,0,2,0.8,0.001
231,0,3,0.1,0.001
231,0,4,0.26666666666666666,0.001
231,0,5,0.7,0.001
231,0,6,0.2,0.001
231,0,7,0.36666666666666664,0.001
231,0,8,0.25,0.001
231,0,9,0.16666666666666666,0.001
231,1,0,0.0,0.001
231,1,1,0.1,0.001
231,1,2,0.2,0.001
231,1,3,0.6,0.001
231,1,4,0.6666666666666666,0.001
231,1,5,0.06666666666666667,0.001
231,1,6,0.36,0.001
231,1,7,0.26666666666666666,0.001
231,1,8,0.6,0.001
231,1,9,0.16,0.001
231,2,0,0.4666666666666667,0.001
231,2,1,0.26666666666666666,0.001
231,2,2,0.3333333333333333,0.001
231,2,3,0.7,0.001
231,2,4,0.25,0.001
231,2,5,0.64,0.001
231,2,6,0.04,0.001
231,2,7,0.36666666666666664,0.001
231,2,8,0.6,0.001
231,2,9,0.16666666666666666,0.001
231,3,0,1.0,0.001
231,3,1,0.13333333333333333,0.001
231,3,2,0.0,0.001
231,3,3,0.3,0.001
231,3,4,0.06666666666666667,0.001
231,3,5,0.36666666666666664,0.001
231,3,6,0.16666666666666666,0.001
231,3,7,0.2,0.001
231,3,8,0.2,0.001
231,3,9,0.4,0.001
231,4,0,0.45,0.001
231,4,1,0.6,0.001
231,4,2,0.6666666666666666,0.001
231,4,3,0.06666666666666667,0.001
231,4,4,0.05,0.001
231,4,5,0.05,0.001
231,4,6,0.4666666666666666,0.001
231,4,7,0.2,0.001
231,4,8,0.36,0.001
231,4,9,0.4,0.001
231,5,0,0.05,0.001
231,5,1,0.1,0.001
231,5,2,0.0,0.001
231,5,3,0.2,0.001
231,5,4,0.06666666666666667,0.001
231,5,5,0.36,0.001
231,5,6,0.36,0.001
231,5,7,0.6666666666666666,0.001
231,5,8,0.0,0.001
231,5,9,1.0,0.001
231,6,0,0.6,0.001
231,6,1,0.16,0.001
231,6,2,0.6,0.001
231,6,3,0.4,0.001
231,6,4,0.0,0.001
231,6,5,0.16666666666666666,0.001
231,6,6,0.4666666666666666,0.001
231,6,7,0.2,0.001
231,6,8,0.16666666666666666,0.001
231,6,9,0.6,0.001
231,7,0,0.4,0.001
231,7,1,0.3333333333333333,0.001
231,7,2,0.16,0.001
231,7,3,0.05,0.001
231,7,4,0.36666666666666664,0.001
231,7,5,1.0,0.001
231,7,6,0.16666666666666666,0.001
231,7,7,0.4666666666666667,0.001
231,7,8,0.2,0.001
231,7,9,0.4,0.001
231,8,0,0.4,0.001
231,8,1,0.0,0.001
231,8,2,0.25,0.001
231,8,3,0.06666666666666667,0.001
231,8,4,0.65,0.001
231,8,5,0.0,0.001
231,8,6,0.26666666666666666,0.001
231,8,7,0.65,0.001
231,8,8,0.7,0.001
231,8,9,0.4,0.001
231,9,0,0.6666666666666666,0.001
231,9,1,0.25,0.001
231,9,2,0.0,0.001
231,9,3,0.65,0.001
231,9,4,0.06666666666666667,0.001
231,9,5,0.26666666666666666,0.001
231,9,6,0.4,0.001
231,9,7,0.06666666666666667,0.001
231,9,8,0.8,0.001
231,9,9,0.26666666666666666,0.001
276,0,0,0.4444444444444444,0.001
276,0,1,0.7416666666666667,0.001
276,0,2,0.5571428571428572,0.001
276,0,3,0.7178571428571429,0.001
276,0,4,0.19047619047619047,0.001
276,0,5,0.4642857142857143,0.001
276,0,6,0.6333333333333334,0.001
276,0,7,0.42857142857142855,0.001
276,0,8,0.5803571428571429,0.001
276,0,9,0.21632653061224488,0.001
276,1,0,0.48000000000000004,0.001
276,1,1,0.6533333333333334,0.001
276,1,2,0.7232142857142857,0.001
276,1,3,0.6690476190476191,0.001
276,1,4,0.6632653061224489,0.001
276,1,5,0.5238095238095238,0.001
276,1,6,0.4583333333333333,0.001
276,1,7,0.12380952380952381,0.001
276,1,8,0.7698412698412699,0.001
276,1,9,0.48412698412698413,0.001
276,2,0,0.5904761904761905,0.001
276,2,1,0.39285714285714285,0.001
276,2,2,0.18877551020408162,0.001
276,2,3,0.37142857142857144,0.001
276,2,4,0.8061224489795917,0.001
276,2,5,0.6428571428571429,0.001
276,2,6,0.7232142857142857,0.001
276,2,7,0.2785714285714286,0.001
276,2,8,0.26785714285714285,0.001
276,2,9,0.3333333333333333,0.001
276,3,0,0.5333333333333333,0.001
276,3,1,0.5911111111111111,0.001
276,3,2,0.38095238095238093,0.001
276,3,3,0.6904761904761906,0.001
276,3,4,0.3954081632653061,0.001
276,3,5,0.4642857142857143,0.001
276,3,6,0.37142857142857144,0.001
276,3,7,0.45436507936507936,0.001
276,3,8,0.5976190476190476,0.001
276,3,9,0.8571428571428571,0.001
276,4,0,0.5295238095238095,0.001
276,4,1,0.5416666666666666,0.001
276,4,2,0.8095238095238094,0.001
276,4,3,0.4761904761904762,0.001
276,4,4,0.5850340136054422,0.001
276,4,5,0.7000000000000001,0.001
276,4,6,0.47916666666666663,0.001
276,4,7,0.4126984126984127,0.001
276,4,8,0.2012987012987013,0.001
276,4,9,0.7232142857142857,0.001
276,5,0,0.5371428571428571,0.001
276,5,1,0.64,0.001
276,5,2,0.5142857142857143,0.001
276,5,3,0.4851190476190476,0.001
276,5,4,0.5793650793650793,0.001
276,5,5,0.48639455782312924,0.001
276,5,6,0.826530612244898,0.001
276,5,7,0.6683673469387755,0.001
276,5,8,0.42142857142857143,0.001
276,5,9,0.20454545454545456,0.001
276,6,0,0.7,0.001
276,6,1,0.562962962962963,0.001
276,6,2,0.413265306122449,0.001
276,6,3,0.49642857142857144,0.001
276,6,4,0.09523809523809523,0.001
276,6,5,0.5892857142857143,0.001
276,6,6,0.6107142857142858,0.001
276,6,7,0.5089285714285714,0.001
276,6,8,0.6870748299319728,0.001
276,6,9,0.24404761904761904,0.001
276,7,0,0.7666666666666667,0.001
276,7,1,0.7022222222222222,0.001
276,7,2,0.55,0.001
276,7,3,0.5,0.001
276,7,4,0.5959183673469388,0.001
276,7,5,0.48412698412698413,0.001
276,7,6,0.2928571428571428,0.001
276,7,7,0.525,0.001
276,7,8,0.39999999999999997,0.001
276,7,9,0.5642857142857143,0.001
276,8,0,0.43148148148148147,0.001
276,8,1,0.22424242424242422,0.001
276,8,2,0.5785714285714285,0.001
276,8,3,0.8061224489795917,0.001
276,8,4,0.46031746031746035,0.001
276,8,5,0.6269841269841271,0.001
276,8,6,0.425,0.001
276,8,7,0.5357142857142857,0.001
276,8,8,0.6214285714285713,0.001
276,8,9,0.5892857142857143,0.001
276,9,0,0.42380952380952386,0.001
276,9,1,0.5666666666666667,0.001
276,9,2,0.5974025974025974,0.001
276,9,3,0.6875,0.001
276,9,4,0.655952380952381,0.001
276,9,5,0.6571428571428571,0.001
276,9,6,0.5142857142857143,0.001
276,9,7,0.21428571428571427,0.001
276,9,8,0.5892857142857143,0.001
276,9,9,0.45,0.001
283,0,0,0.7222222222222222,0.001
283,0,1,0.0,0.001
283,0,2,1.0,0.001
283,0,3,0.65,0.001
283,0,4,0.6666666666666666,0.001
283,0,5,0.4666666666666667,0.001
283,0,6,0.2,0.001
283,0,7,0.3,0.001
283,0,8,1.0,0.001
283,0,9,0.4,0.001
283,1,0,0.3888888888888889,0.001
283,1,1,1.0,0.001
283,1,2,0.4666666666666667,0.001
283,1,3,0.6,0.001
283,1,4,0.4,0.001
283,1,5,0.7,0.001
283,1,6,0.36666666666666664,0.001
283,1,7,0.05,0.001
283,1,8,0.6666666666666666,0.001
283,1,9,0.16666666666666666,0.001
283,2,0,0.4444444444444444,0.001
283,2,1,0.6666666666666667,0.001
283,2,2,0.05,0.001
283,2,3,0.04,0.001
283,2,4,0.9,0.001
283,2,5,0.3,0.001
283,2,6,0.2,0.001
283,2,7,0.6666666666666666,0.001
283,2,8,1.0,0.001
283,2,9,0.6666666666666667,0.001
283,3,0,0.9166666666666666,0.001
283,3,1,0.6,0.001
283,3,2,0.4666666666666667,0.001
283,3,3,0.5,0.001
283,3,4,1.0,0.001
283,3,5,1.0,0.001
283,3,6,0.25,0.001
283,3,7,0.26666666666666666,0.001
283,3,8,0.16666666666666666,0.001
283,3,9,0.0,0.001
283,4,0,0.05555555555555555,0.001
283,4,1,1.0,0.001
283,4,2,0.26666666666666666,0.001
283,4,3,0.4,0.001
283,4,4,0.85,0.001
283,4,5,0.9,0.001
283,4,6,0.2333333333333333,0.001
283,4,7,0.04,0.001
283,4,8,0.26666666666666666,0.001
283,4,9,0.6666666666666666,0.001
283,5,0,0.3333333333333333,0.001
283,5,1,0.16,0.001
283,5,2,0.65,0.001
283,5,3,0.65,0.001
283,5,4,0.65,0.001
283,5,5,0.1,0.001
283,5,6,0.36666666666666664,0.001
283,5,7,0.4666666666666666,0.001
283,5,8,0.7,0.001
283,5,9,1.0,0.001
283,6,0,0.7222222222222222,0.001
283,6,1,0.25,0.001
283,6,2,0.65,0.001
283,6,3,0.65,0.001
283,6,4,0.05,0.001
283,6,5,0.4666666666666666,0.001
283,6,6,0.4666666666666667,0.001
283,6,7,0.8666666666666666,0.001
283,6,8,0.6666666666666666,0.001
283,6,9,0.4,0.001
283,7,0,0.5,0.001
283,7,1,0.6,0.001
283,7,2,0.7,0.001
283,7,3,0.26666666666666666,0.001
283,7,4,0.4666666666666666,0.001
283,7,5,0.6,0.001
283,7,6,0.26666666666666666,0.001
283,7,7,0.8666666666666666,0.001
283,7,8,0.8666666666666666,0.001
283,7,9,0.8,0.001
283,8,0,0.3055555555555555,0.001
283,8,1,0.8,0.001
283,8,2,0.4,0.001
283,8,3,0.26666666666666666,0.001
283,8,4,0.1,0.001
283,8,5,0.7,0.001
283,8,6,0.65,0.001
283,8,7,0.7,0.001
283,8,8,0.6,0.001
283,8,9,0.8,0.001
283,9,0,0.4166666666666667,0.001
283,9,1,0.6666666666666667,0.001
283,9,2,0.2,0.001
283,9,3,0.5,0.001
283,9,4,0.4,0.001
283,9,5,0.3,0.001
283,9,6,0.8,0.001
283,9,7,0.8,0.001
283,9,8,0.9,0.001
283,9,9,0.4,0.001
292,0,0,1.0,0.001
292,0,1,0.7,0.001
292,0,2,1.0,0.001
292,0,3,1.0,0.001
292,0,4,0.7,0.001
292,0,5,0.7,0.001
292,0,6,0.7,0.001
292,0,7,0.4666666666666667,0.001
292,0,8,0.8,0.001
292,0,9,1.0,0.001
292,1,0,0.8,0.001
292,1,1,0.6666666666666666,0.001
292,1,2,1.0,0.001
292,1,3,1.0,0.001
292,1,4,1.0,0.001
292,1,5,1.0,0.001
292,1,6,0.36,0.001
292,1,7,0.6,0.001
292,1,8,0.7,0.001
292,1,9,1.0,0.001
292,2,0,0.6666666666666666,0.001
292,2,1,0.6666666666666666,0.001
292,2,2,1.0,0.001
292,2,3,0.6666666666666666,0.001
292,2,4,1.0,0.001
292,2,5,1.0,0.001
292,2,6,1.0,0.001
292,2,7,0.4666666666666667,0.001
292,2,8,0.6666666666666666,0.001
292,2,9,0.6666666666666666,0.001
292,3,0,1.0,0.001
292,3,1,1.0,0.001
292,3,2,0.7,0.001
292,3,3,0.25,0.001
292,3,4,1.0,0.001
292,3,5,1.0,0.001
292,3,6,0.6,0.001
292,3,7,1.0,0.001
292,3,8,0.8,0.001
292,3,9,0.4,0.001
292,4,0,0.8,0.001
292,4,1,0.8,0.001
292,4,2,0.6666666666666666,0.001
292,4,3,0.7,0.001
292,4,4,0.8,0.001
292,4,5,1.0,0.001
292,4,6,0.65,0.001
292,4,7,0.6666666666666666,0.001
292,4,8,1.0,0.001
292,4,9,1.0,0.001
292,5,0,1.0,0.001
292,5,1,1.0,0.001
292,5,2,1.0,0.001
292,5,3,0.7,0.001
292,5,4,0.4,0.001
292,5,5,1.0,0.001
292,5,6,1.0,0.001
292,5,7,0.6666666666666666,0.001
292,5,8,0.6666666666666666,0.001
292,5,9,0.7,0.001
292,6,0,0.6,0.001
292,6,1,1.0,0.001
292,6,2,1.0,0.001
292,6,3,0.65,0.001
292,6,4,0.4666666666666667,0.001
292,6,5,1.0,0.001
292,6,6,1.0,0.001
292,6,7,0.65,0.001
292,6,8,0.6,0.001
292,6,9,0.8,0.001
292,7,0,1.0,0.001
292,7,1,1.0,0.001
292,7,2,1.0,0.001
292,7,3,0.8,0.001
292,7,4,0.7,0.001
292,7,5,1.0,0.001
292,7,6,0.7,0.001
292,7,7,0.4666666666666667,0.001
292,7,8,0.4,0.001
292,7,9,1.0,0.001
292,8,0,0.4666666666666667,0.001
292,8,1,0.7,0.001
292,8,2,1.0,0.001
292,8,3,1.0,0.001
292,8,4,0.8,0.001
292,8,5,0.6666666666666666,0.001
292,8,6,0.8,0.001
292,8,7,1.0,0.001
292,8,8,1.0,0.001
292,8,9,0.65,0.001
292,9,0,0.7,0.001
292,9,1,1.0,0.001
292,9,2,0.7,0.001
292,9,3,1.0,0.001
292,9,4,0.7,0.001
292,9,5,1.0,0.001
292,9,6,1.0,0.001
292,9,7,0.4,0.001
292,9,8,0.65,0.001
292,9,9,1.0,0.001
309,0,0,0.5,0.001
309,0,1,0.911111111111111,0.001
309,0,2,0.7777777777777778,0.001
309,0,3,0.6296296296296295,0.001
309,0,4,0.36507936507936506,0.001
309,0,5,1.0,0.001
309,0,6,0.16111111111111112,0.001
309,0,7,0.1507936507936508,0.001
309,0,8,0.6296296296296295,0.001
309,0,9,0.375,0.001
309,1,0,0.7777777777777778,0.001
309,1,1,0.8148148148148148,0.001
309,1,2,0.5277777777777778,0.001
309,1,3,0.47619047619047616,0.001
309,1,4,0.7555555555555555,0.001
309,1,5,0.5873015873015873,0.001
309,1,6,0.3888888888888889,0.001
309,1,7,0.16666666666666666,0.001
309,1,8,0.45238095238095233,0.001
309,1,9,0.16666666666666666,0.001
309,2,0,0.6944444444444444,0.001
309,2,1,0.4583333333333333,0.001
309,2,2,0.6444444444444444,0.001
309,2,3,0.36507936507936506,0.001
309,2,4,0.6296296296296297,0.001
309,2,5,0.5925925925925926,0.001
309,2,6,0.6296296296296297,0.001
309,2,7,0.4444444444444444,0.001
309,2,8,0.5,0.001
309,2,9,0.25,0.001
309,3,0,0.6444444444444444,0.001
309,3,1,0.6296296296296295,0.001
309,3,2,0.2037037037037037,0.001
309,3,3,0.48148148148148145,0.001
309,3,4,0.16666666666666666,0.001
309,3,5,0.3333333333333333,0.001
309,3,6,1.0,0.001
309,3,7,0.6111111111111112,0.001
309,3,8,0.4666666666666667,0.001
309,3,9,0.9,0.001
309,4,0,0.7222222222222222,0.001
309,4,1,0.47619047619047616,0.001
309,4,2,0.5333333333333333,0.001
309,4,3,0.3888888888888889,0.001
309,4,4,0.6190476190476191,0.001
309,4,5,0.6666666666666666,0.001
309,4,6,0.4444444444444444,0.001
309,4,7,0.2777777777777778,0.001
309,4,8,0.4583333333333333,0.001
309,4,9,0.3214285714285714,0.001
309,5,0,0.7555555555555555,0.001
309,5,1,0.7222222222222222,0.001
309,5,2,0.47619047619047616,0.001
309,5,3,0.9074074074074076,0.001
309,5,4,0.3333333333333333,0.001
309,5,5,0.8,0.001
309,5,6,0.4629629629629629,0.001
309,5,7,0.3333333333333333,0.001
309,5,8,0.05555555555555555,0.001
309,5,9,0.53125,0.001
309,6,0,0.6296296296296295,0.001
309,6,1,0.6333333333333333,0.001
309,6,2,0.5,0.001
309,6,3,0.537037037037037,0.001
309,6,4,0.6388888888888888,0.001
309,6,5,0.25396825396825395,0.001
309,6,6,0.25925925925925924,0.001
309,6,7,0.3333333333333333,0.001
309,6,8,0.537037037037037,0.001
309,6,9,0.6,0.001
309,7,0,0.5,0.001
309,7,1,0.36507936507936506,0.001
309,7,2,0.6296296296296295,0.001
309,7,3,0.36507936507936506,0.001
309,7,4,0.7222222222222222,0.001
309,7,5,0.7962962962962963,0.001
309,7,6,0.3333333333333333,0.001
309,7,7,0.45185185185185184,0.001
309,7,8,0.537037037037037,0.001
309,7,9,0.4375,0.001
309,8,0,0.6190476190476191,0.001
309,8,1,0.36507936507936506,0.001
309,8,2,0.38333333333333336,0.001
309,8,3,0.3333333333333333,0.001
309,8,4,0.6190476190476191,0.001
309,8,5,0.2740740740740741,0.001
309,8,6,0.6444444444444444,0.001
309,8,7,0.5,0.001
309,8,8,0.6190476190476191,0.001
309,8,9,0.75,0.001
309,9,0,0.6444444444444444,0.001
309,9,1,0.4222222222222222,0.001
309,9,2,0.5,0.001
309,9,3,0.4583333333333333,0.001
309,9,4,0.3333333333333333,0.001
309,9,5,0.47619047619047616,0.001
309,9,6,0.5,0.001
309,9,7,0.6190476190476191,0.001
309,9,8,0.7962962962962963,0.001
309,9,9,0.2857142857142857,0.001
323,0,0,0.6444444444444444,0.001
323,0,1,0.4444444444444444,0.001
323,0,2,0.6296296296296295,0.001
323,0,3,1.0,0.001
323,0,4,0.626984126984127,0.001
323,0,5,0.6190476190476191,0.001
323,0,6,0.7901234567901234,0.001
323,0,7,0.7901234567901234,0.001
323,0,8,0.5833333333333334,0.001
323,0,9,0.5714285714285714,0.001
323,1,0,0.6111111111111112,0.001
323,1,1,0.6296296296296295,0.001
323,1,2,0.6190476190476191,0.001
323,1,3,1.0,0.001
323,1,4,0.7916666666666666,0.001
323,1,5,0.5,0.001
323,1,6,0.7936507936507936,0.001
323,1,7,0.5,0.001
323,1,8,0.5625,0.001
323,1,9,0.5625,0.001
323,2,0,0.6111111111111112,0.001
323,2,1,0.7901234567901234,0.001
323,2,2,0.5,0.001
323,2,3,0.6190476190476191,0.001
323,2,4,1.0,0.001
323,2,5,0.6296296296296295,0.001
323,2,6,0.6055555555555556,0.001
323,2,7,0.6049382716049383,0.001
323,2,8,0.4375,0.001
323,2,9,0.875,0.001
323,3,0,0.462962962962963,0.001
323,3,1,0.8055555555555556,0.001
323,3,2,0.5,0.001
323,3,3,1.0,0.001
323,3,4,0.6049382716049383,0.001
323,3,5,0.7936507936507936,0.001
323,3,6,0.5,0.001
323,3,7,0.6111111111111112,0.001
323,3,8,0.4375,0.001
323,3,9,0.44642857142857145,0.001
323,4,0,1.0,0.001
323,4,1,1.0,0.001
323,4,2,1.0,0.001
323,4,3,0.3472222222222222,0.001
323,4,4,0.6111111111111112,0.001
323,4,5,0.6190476190476191,0.001
323,4,6,0.5,0.001
323,4,7,0.3333333333333333,0.001
323,4,8,0.6428571428571428,0.001
323,4,9,0.5625,0.001
323,5,0,0.3333333333333333,0.001
323,5,1,0.7962962962962963,0.001
323,5,2,0.7901234567901234,0.001
323,5,3,0.45238095238095233,0.001
323,5,4,1.0,0.001
323,5,5,0.4444444444444444,0.001
323,5,6,1.0,0.001
323,5,7,0.5,0.001
323,5,8,0.765625,0.001
323,5,9,0.22499999999999998,0.001
323,6,0,0.6190476190476191,0.001
323,6,1,0.6296296296296295,0.001
323,6,2,0.6296296296296295,0.001
323,6,3,0.5,0.001
323,6,4,0.8333333333333334,0.001
323,6,5,0.7936507936507936,0.001
323,6,6,0.7901234567901234,0.001
323,6,7,0.6049382716049383,0.001
323,6,8,0.875,0.001
323,6,9,0.4107142857142857,0.001
323,7,0,0.7777777777777778,0.001
323,7,1,0.7916666666666666,0.001
323,7,2,0.30864197530864196,0.001
323,7,3,0.4583333333333333,0.001
323,7,4,0.462962962962963,0.001
323,7,5,0.8148148148148148,0.001
323,7,6,0.4583333333333333,0.001
323,7,7,0.6805555555555556,0.001
323,7,8,0.6428571428571428,0.001
323,7,9,0.7708333333333334,0.001
323,8,0,1.0,0.001
323,8,1,1.0,0.001
323,8,2,0.4444444444444444,0.001
323,8,3,0.6190476190476191,0.001
323,8,4,1.0,0.001
323,8,5,0.7936507936507936,0.001
323,8,6,0.30952380952380953,0.001
323,8,7,0.4444444444444444,0.001
323,8,8,0.3958333333333333,0.001
323,8,9,0.775,0.001
323,9,0,0.6055555555555556,0.001
323,9,1,0.4444444444444444,0.001
323,9,2,0.6190476190476191,0.001
323,9,3,0.4444444444444444,0.001
323,9,4,0.7916666666666666,0.001
323,9,5,0.5714285714285714,0.001
323,9,6,0.6111111111111112,0.001
323,9,7,1.0,0.001
323,9,8,0.7678571428571428,0.001
323,9,9,0.5625,0.001
340,0,0,0.2,0.001
340,0,1,0.8888888888888888,0.001
340,0,2,0.6055555555555556,0.001
340,0,3,0.5,0.001
340,0,4,0.7962962962962963,0.001
340,0,5,0.5185185185185186,0.001
340,0,6,0.7777777777777778,0.001
340,0,7,0.8333333333333334,0.001
340,0,8,0.7777777777777778,0.001
340,0,9,1.0,0.001
340,1,0,0.8,0.001
340,1,1,0.5,0.001
340,1,2,0.45370370370370366,0.001
340,1,3,0.6190476190476191,0.001
340,1,4,0.8,0.001
340,1,5,0.44999999999999996,0.001
340,1,6,0.4722222222222222,0.001
340,1,7,0.8888888888888888,0.001
340,1,8,0.6296296296296295,0.001
340,1,9,1.0,0.001
340,2,0,0.8333333333333334,0.001
340,2,1,0.4444444444444444,0.001
340,2,2,0.6759259259259259,0.001
340,2,3,0.6481481481481481,0.001
340,2,4,0.6190476190476191,0.001
340,2,5,0.1984126984126984,0.001
340,2,6,0.48148148148148145,0.001
340,2,7,1.0,0.001
340,2,8,1.0,0.001
340,2,9,0.6944444444444444,0.001
340,3,0,0.6583333333333333,0.001
340,3,1,0.5,0.001
340,3,2,0.7962962962962963,0.001
340,3,3,0.5777777777777778,0.001
340,3,4,0.48148148148148145,0.001
340,3,5,0.6666666666666666,0.001
340,3,6,0.6444444444444444,0.001
340,3,7,1.0,0.001
340,3,8,0.4666666666666667,0.001
340,3,9,0.8888888888888888,0.001
340,4,0,0.4666666666666666,0.001
340,4,1,0.6296296296296295,0.001
340,4,2,0.2777777777777778,0.001
340,4,3,0.8055555555555556,0.001
340,4,4,0.4222222222222222,0.001
340,4,5,0.8055555555555556,0.001
340,4,6,1.0,0.001
340,4,7,0.6296296296296295,0.001
340,4,8,1.0,0.001
340,4,9,0.8055555555555556,0.001
340,5,0,1.0,0.001
340,5,1,0.8148148148148148,0.001
340,5,2,0.6296296296296295,0.001
340,5,3,0.3611111111111111,0.001
340,5,4,0.8888888888888888,0.001
340,5,5,0.5,0.001
340,5,6,0.7962962962962963,0.001
340,5,7,0.5092592592592592,0.001
340,5,8,0.5,0.001
340,5,9,0.6666666666666666,0.001
340,6,0,0.39047619047619053,0.001
340,6,1,0.4722222222222222,0.001
340,6,2,0.7962962962962963,0.001
340,6,3,0.6444444444444444,0.001
340,6,4,0.6388888888888888,0.001
340,6,5,0.7962962962962963,0.001
340,6,6,0.5740740740740741,0.001
340,6,7,0.8055555555555556,0.001
340,6,8,0.7962962962962963,0.001
340,6,9,1.0,0.001
340,7,0,0.48,0.001
340,7,1,0.5925925925925926,0.001
340,7,2,1.0,0.001
340,7,3,0.8333333333333334,0.001
340,7,4,0.2777777777777778,0.001
340,7,5,0.6190476190476191,0.001
340,7,6,0.4666666666666667,0.001
340,7,7,0.6825396825396824,0.001
340,7,8,1.0,0.001
340,7,9,0.5,0.001
340,8,0,0.4666666666666667,0.001
340,8,1,0.7777777777777778,0.001
340,8,2,0.4592592592592592,0.001
340,8,3,0.8148148148148148,0.001
340,8,4,0.5,0.001
340,8,5,0.6296296296296297,0.001
340,8,6,0.7037037037037037,0.001
340,8,7,0.8148148148148148,0.001
340,8,8,0.7962962962962963,0.001
340,8,9,0.6388888888888888,0.001
340,9,0,0.5,0.001
340,9,1,0.6296296296296297,0.001
340,9,2,0.5185185185185185,0.001
340,9,3,0.7962962962962963,0.001
340,9,4,0.8148148148148148,0.001
340,9,5,0.6296296296296295,0.001
340,9,6,0.5555555555555556,0.001
340,9,7,0.6444444444444444,0.001
340,9,8,0.6111111111111112,0.001
340,9,9,1.0,0.001
366,0,0,1.0,0.001
366,0,1,0.3,0.001
366,0,2,0.7,0.001
366,0,3,0.26666666666666666,0.001
366,0,4,0.6666666666666666,0.001
366,0,5,0.8,0.001
366,0,6,1.0,0.001
366,0,7,1.0,0.001
366,0,8,0.45,0.001
366,0,9,0.8,0.001
366,1,0,1.0,0.001
366,1,1,0.8,0.001
366,1,2,0.8,0.001
366,1,3,0.6,0.001
366,1,4,0.6,0.001
366,1,5,0.7,0.001
366,1,6,0.36,0.001
366,1,7,1.0,0.001
366,1,8,0.6666666666666666,0.001
366,1,9,0.8,0.001
366,2,0,0.36666666666666664,0.001
366,2,1,1.0,0.001
366,2,2,1.0,0.001
366,2,3,1.0,0.001
366,2,4,0.8,0.001
366,2,5,0.26666666666666666,0.001
366,2,6,1.0,0.001
366,2,7,0.4666666666666666,0.001
366,2,8,0.4666666666666667,0.001
366,2,9,1.0,0.001
366,3,0,0.2,0.001
366,3,1,1.0,0.001
366,3,2,1.0,0.001
366,3,3,0.25,0.001
366,3,4,1.0,0.001
366,3,5,0.8,0.001
366,3,6,0.8,0.001
366,3,7,0.8,0.001
366,3,8,0.8,0.001
366,3,9,1.0,0.001
366,4,0,0.4666666666666667,0.001
366,4,1,0.7,0.001
366,4,2,0.4666666666666667,0.001
366,4,3,0.9,0.001
366,4,4,1.0,0.001
366,4,5,1.0,0.001
366,4,6,0.6666666666666666,0.001
366,4,7,1.0,0.001
366,4,8,0.8,0.001
366,4,9,0.8,0.001
366,5,0,1.0,0.001
366,5,1,1.0,0.001
366,5,2,1.0,0.001
366,5,3,0.6666666666666666,0.001
366,5,4,0.6666666666666666,0.001
366,5,5,0.6,0.001
366,5,6,0.7,0.001
366,5,7,1.0,0.001
366,5,8,0.6666666666666666,0.001
366,5,9,0.0,0.001
366,6,0,0.6666666666666666,0.001
366,6,1,0.45,0.001
366,6,2,1.0,0.001
366,6,3,0.45,0.001
366,6,4,1.0,0.001
366,6,5,0.7,0.001
366,6,6,1.0,0.001
366,6,7,0.6666666666666666,0.001
366,6,8,0.8,0.001
366,6,9,0.5,0.001
366,7,0,1.0,0.001
366,7,1,0.9,0.001
366,7,2,0.6666666666666666,0.001
366,7,3,1.0,0.001
366,7,4,0.8,0.001
366,7,5,0.6,0.001
366,7,6,0.4666666666666666,0.001
366,7,7,0.8,0.001
366,7,8,0.4,0.001
366,7,9,0.8,0.001
366,8,0,0.8,0.001
366,8,1,1.0,0.001
366,8,2,0.8,0.001
366,8,3,1.0,0.001
366,8,4,0.26666666666666666,0.001
366,8,5,0.6666666666666666,0.001
366,8,6,1.0,0.001
366,8,7,0.7,0.001
366,8,8,0.7,0.001
366,8,9,0.65,0.001
366,9,0,0.6,0.001
366,9,1,1.0,0.001
366,9,2,1.0,0.001
366,9,3,0.7,0.001
366,9,4,0.8,0.001
366,9,5,0.8,0.001
366,9,6,0.6,0.001
366,9,7,1.0,0.001
366,9,8,0.6666666666666666,0.001
366,9,9,0.5,0.001
371,0,0,0.3151515151515152,0.001
371,0,1,0.2840909090909091,0.001
371,0,2,0.5714285714285714,0.001
371,0,3,0.17857142857142858,0.001
371,0,4,0.34,0.001
371,0,5,0.36666666666666664,0.001
371,0,6,0.26190476190476186,0.001
371,0,7,0.15333333333333332,0.001
371,0,8,0.72,0.001
371,0,9,0.3125,0.001
371,1,0,0.5714285714285714,0.001
371,1,1,0.8272727272727273,0.001
371,1,2,0.4053030303030303,0.001
371,1,3,0.4805194805194805,0.001
371,1,4,0.205,0.001
371,1,5,0.2,0.001
371,1,6,0.3,0.001
371,1,7,0.09047619047619046,0.001
371,1,8,0.09166666666666666,0.001
371,1,9,0.40499999999999997,0.001
371,2,0,0.303030303030303,0.001
371,2,1,0.40606060606060607,0.001
371,2,2,0.20707070707070707,0.001
371,2,3,0.41818181818181815,0.001
371,2,4,0.41666666666666663,0.001
371,2,5,0.5,0.001
371,2,6,0.419047619047619,0.001
371,2,7,0.05,0.001
371,2,8,0.2785714285714286,0.001
371,2,9,0.4916666666666666,0.001
371,3,0,0.303030303030303,0.001
371,3,1,0.303030303030303,0.001
371,3,2,0.5584415584415584,0.001
371,3,3,0.5272727272727272,0.001
371,3,4,0.26190476190476186,0.001
371,3,5,0.34,0.001
371,3,6,0.4,0.001
371,3,7,0.34,0.001
371,3,8,0.37857142857142856,0.001
371,3,9,0.12857142857142856,0.001
371,4,0,0.3272727272727272,0.001
371,4,1,0.4606060606060606,0.001
371,4,2,0.5714285714285714,0.001
371,4,3,0.41558441558441556,0.001
371,4,4,0.36666666666666664,0.001
371,4,5,0.5,0.001
371,4,6,0.2,0.001
371,4,7,0.3,0.001
371,4,8,0.09166666666666666,0.001
371,4,9,0.22000000000000003,0.001
371,5,0,0.303030303030303,0.001
371,5,1,0.24675324675324675,0.001
371,5,2,0.41818181818181815,0.001
371,5,3,0.303030303030303,0.001
371,5,4,0.4619047619047619,0.001
371,5,5,0.16666666666666666,0.001
371,5,6,0.5,0.001
371,5,7,0.041666666666666664,0.001
371,5,8,0.6666666666666666,0.001
371,5,9,0.4,0.001
371,6,0,0.23636363636363636,0.001
371,6,1,0.303030303030303,0.001
371,6,2,0.5454545454545454,0.001
371,6,3,0.3214285714285714,0.001
371,6,4,0.3125,0.001
371,6,5,0.36,0.001
371,6,6,0.52,0.001
371,6,7,0.29166666666666663,0.001
371,6,8,0.425,0.001
371,6,9,0.26190476190476186,0.001
371,7,0,0.34415584415584416,0.001
371,7,1,0.4621212121212121,0.001
371,7,2,0.4805194805194805,0.001
371,7,3,0.6969696969696969,0.001
371,7,4,0.26190476190476186,0.001
371,7,5,0.4166666666666667,0.001
371,7,6,0.375,0.001
371,7,7,0.24444444444444446,0.001
371,7,8,0.1125,0.001
371,7,9,0.36190476190476184,0.001
371,8,0,0.3,0.001
371,8,1,0.35757575757575755,0.001
371,8,2,0.4053030303030303,0.001
371,8,3,0.45454545454545453,0.001
371,8,4,0.2,0.001
371,8,5,0.32,0.001
371,8,6,0.2777777777777778,0.001
371,8,7,0.24166666666666664,0.001
371,8,8,0.16,0.001
371,8,9,0.6476190476190475,0.001
371,9,0,0.22222222222222224,0.001
371,9,1,0.5568181818181818,0.001
371,9,2,0.22727272727272727,0.001
371,9,3,0.2727272727272727,0.001
371,9,4,0.4666666666666667,0.001
371,9,5,0.5166666666666667,0.001
371,9,6,0.22857142857142856,0.001
371,9,7,0.39047619047619053,0.001
371,9,8,0.26,0.001
371,9,9,0.7666666666666666,0.001
388,0,0,0.475,0.001
388,0,1,0.4,0.001
388,0,2,0.44285714285714284,0.001
388,0,3,0.5714285714285714,0.001
388,0,4,0.296969696969697,0.001
388,0,5,0.3266666666666667,0.001
388,0,6,0.42962962962962964,0.001
388,0,7,0.22077922077922077,0.001
388,0,8,0.3888888888888889,0.001
388,0,9,0.21428571428571427,0.001
388,1,0,0.26153846153846155,0.001
388,1,1,0.5777777777777777,0.001
388,1,2,0.2727272727272727,0.001
388,1,3,0.31851851851851853,0.001
388,1,4,0.4761904761904762,0.001
388,1,5,0.43333333333333335,0.001
388,1,6,0.5428571428571428,0.001
388,1,7,0.22077922077922077,0.001
388,1,8,0.31428571428571433,0.001
388,1,9,0.31428571428571433,0.001
388,2,0,0.36000000000000004,0.001
388,2,1,0.4,0.001
388,2,2,0.5,0.001
388,2,3,0.39333333333333337,0.001
388,2,4,0.5,0.001
388,2,5,0.34074074074074073,0.001
388,2,6,0.26666666666666666,0.001
388,2,7,0.31428571428571433,0.001
388,2,8,0.42857142857142855,0.001
388,2,9,0.35000000000000003,0.001
388,3,0,0.4,0.001
388,3,1,0.3212121212121212,0.001
388,3,2,0.5777777777777777,0.001
388,3,3,0.362962962962963,0.001
388,3,4,0.5428571428571428,0.001
388,3,5,0.26153846153846155,0.001
388,3,6,0.4666666666666667,0.001
388,3,7,0.14285714285714285,0.001
388,3,8,0.5833333333333333,0.001
388,3,9,0.22077922077922077,0.001
388,4,0,0.5416666666666666,0.001
388,4,1,0.36666666666666664,0.001
388,4,2,0.22222222222222224,0.001
388,4,3,0.5523809523809523,0.001
388,4,4,0.08717948717948718,0.001
388,4,5,0.5,0.001
388,4,6,0.33999999999999997,0.001
388,4,7,0.4375,0.001
388,4,8,0.42857142857142855,0.001
388,4,9,0.31428571428571433,0.001
388,5,0,0.36000000000000004,0.001
388,5,1,0.296969696969697,0.001
388,5,2,0.5428571428571428,0.001
388,5,3,0.5444444444444444,0.001
388,5,4,0.6,0.001
388,5,5,0.33999999999999997,0.001
388,5,6,0.1878787878787879,0.001
388,5,7,0.5408163265306122,0.001
388,5,8,0.19642857142857142,0.001
388,5,9,0.2857142857142857,0.001
388,6,0,0.44,0.001
388,6,1,0.2727272727272727,0.001
388,6,2,0.33999999999999997,0.001
388,6,3,0.43333333333333335,0.001
388,6,4,0.13846153846153847,0.001
388,6,5,0.3266666666666667,0.001
388,6,6,0.475,0.001
388,6,7,0.5102040816326531,0.001
388,6,8,0.4642857142857143,0.001
388,6,9,0.3888888888888889,0.001
388,7,0,0.2733333333333333,0.001
388,7,1,0.5428571428571428,0.001
388,7,2,0.36363636363636365,0.001
388,7,3,0.39333333333333337,0.001
388,7,4,0.4,0.001
388,7,5,0.4083333333333333,0.001
388,7,6,0.4074074074074074,0.001
388,7,7,0.48412698412698413,0.001
388,7,8,0.42857142857142855,0.001
388,7,9,0.24025974025974026,0.001
388,8,0,0.4074074074074074,0.001
388,8,1,0.28888888888888886,0.001
388,8,2,0.5047619047619047,0.001
388,8,3,0.33999999999999997,0.001
388,8,4,0.29333333333333333,0.001
388,8,5,0.4,0.001
388,8,6,0.42962962962962964,0.001
388,8,7,0.31428571428571433,0.001
388,8,8,0.4387755102040817,0.001
388,8,9,0.42857142857142855,0.001
388,9,0,0.36666666666666664,0.001
388,9,1,0.2727272727272727,0.001
388,9,2,0.18333333333333332,0.001
388,9,3,0.26666666666666666,0.001
388,9,4,0.5,0.001
388,9,5,0.34074074074074073,0.001
388,9,6,0.5,0.001
388,9,7,0.5102040816326531,0.001
388,9,8,0.36507936507936506,0.001
388,9,9,0.4642857142857143,0.001
450,0,0,0.95,0.001
450,0,1,0.84375,0.001
450,0,2,0.9479166666666667,0.001
450,0,3,0.8214285714285714,0.001
450,0,4,0.8761904761904762,0.001
450,0,5,0.8533333333333334,0.001
450,0,6,0.8133333333333332,0.001
450,0,7,1.0,0.001
450,0,8,0.6925925925925926,0.001
450,0,9,1.0,0.001
450,1,0,1.0,0.001
450,1,1,0.9107142857142857,0.001
450,1,2,0.9464285714285714,0.001
450,1,3,1.0,0.001
450,1,4,0.763095238095238,0.001
450,1,5,1.0,0.001
450,1,6,0.88,0.001
450,1,7,0.7527777777777779,0.001
450,1,8,0.7133333333333334,0.001
450,1,9,0.8207407407407407,0.001
450,2,0,0.6166666666666667,0.001
450,2,1,0.95,0.001
450,2,2,1.0,0.001
450,2,3,0.8541666666666666,0.001
450,2,4,1.0,0.001
450,2,5,0.874074074074074,0.001
450,2,6,0.8962962962962963,0.001
450,2,7,0.8333333333333334,0.001
450,2,8,0.9666666666666667,0.001
450,2,9,0.8166666666666667,0.001
450,3,0,0.8541666666666666,0.001
450,3,1,0.8875,0.001
450,3,2,0.9107142857142857,0.001
450,3,3,0.8828125,0.001
450,3,4,1.0,0.001
450,3,5,0.8722222222222221,0.001
450,3,6,0.7538461538461539,0.001
450,3,7,1.0,0.001
450,3,8,0.7571428571428572,0.001
450,3,9,0.92,0.001
450,4,0,1.0,0.001
450,4,1,1.0,0.001
450,4,2,0.9453125,0.001
450,4,3,0.9479166666666667,0.001
450,4,4,0.8666666666666667,0.001
450,4,5,0.7866666666666667,0.001
450,4,6,0.874074074074074,0.001
450,4,7,0.7010101010101011,0.001
450,4,8,0.9555555555555556,0.001
450,4,9,0.6533333333333334,0.001
450,5,0,0.575,0.001
450,5,1,1.0,0.001
450,5,2,0.8828125,0.001
450,5,3,0.953125,0.001
450,5,4,0.8533333333333334,0.001
450,5,5,1.0,0.001
450,5,6,0.8444444444444444,0.001
450,5,7,0.9047619047619048,0.001
450,5,8,0.9111111111111111,0.001
450,5,9,0.8733333333333333,0.001
450,6,0,0.8625,0.001
450,6,1,1.0,0.001
450,6,2,0.925,0.001
450,6,3,1.0,0.001
450,6,4,0.888888888888889,0.001
450,6,5,0.8727272727272727,0.001
450,6,6,0.7777777777777778,0.001
450,6,7,0.7511904761904762,0.001
450,6,8,0.8761904761904762,0.001
450,6,9,0.6654761904761906,0.001
450,7,0,0.8875,0.001
450,7,1,1.0,0.001
450,7,2,0.8541666666666666,0.001
450,7,3,0.9583333333333334,0.001
450,7,4,0.8666666666666667,0.001
450,7,5,0.9407407407407408,0.001
450,7,6,0.9428571428571428,0.001
450,7,7,0.9444444444444445,0.001
450,7,8,0.5928571428571429,0.001
450,7,9,0.8717948717948718,0.001
450,8,0,1.0,0.001
450,8,1,0.8068181818181818,0.001
450,8,2,1.0,0.001
450,8,3,0.9453125,0.001
450,8,4,0.8761904761904762,0.001
450,8,5,0.7047619047619047,0.001
450,8,6,0.6518518518518518,0.001
450,8,7,0.9466666666666667,0.001
450,8,8,0.8133333333333332,0.001
450,8,9,0.9555555555555556,0.001
450,9,0,1.0,0.001
450,9,1,0.5946969696969697,0.001
450,9,2,0.890625,0.001
450,9,3,1.0,0.001
450,9,4,1.0,0.001
450,9,5,0.8296296296296296,0.001
450,9,6,0.875,0.001
450,9,7,0.7571428571428572,0.001
450,9,8,1.0,0.001
450,9,9,0.7200000000000001,0.001
452,0,0,1.0,0.001
452,0,1,1.0,0.001
452,0,2,0.36,0.001
452,0,3,1.0,0.001
452,0,4,1.0,0.001
452,0,5,1.0,0.001
452,0,6,0.65,0.001
452,0,7,1.0,0.001
452,0,8,1.0,0.001
452,0,9,0.64,0.001
452,1,0,1.0,0.001
452,1,1,0.36,0.001
452,1,2,1.0,0.001
452,1,3,0.64,0.001
452,1,4,1.0,0.001
452,1,5,1.0,0.001
452,1,6,1.0,0.001
452,1,7,1.0,0.001
452,1,8,1.0,0.001
452,1,9,0.65,0.001
452,2,0,0.4444444444444444,0.001
452,2,1,1.0,0.001
452,2,2,1.0,0.001
452,2,3,1.0,0.001
452,2,4,1.0,0.001
452,2,5,0.65,0.001
452,2,6,1.0,0.001
452,2,7,0.64,0.001
452,2,8,1.0,0.001
452,2,9,1.0,0.001
452,3,0,0.4666666666666666,0.001
452,3,1,1.0,0.001
452,3,2,1.0,0.001
452,3,3,1.0,0.001
452,3,4,1.0,0.001
452,3,5,1.0,0.001
452,3,6,0.65,0.001
452,3,7,1.0,0.001
452,3,8,0.65,0.001
452,3,9,1.0,0.001
452,4,0,1.0,0.001
452,4,1,0.16,0.001
452,4,2,1.0,0.001
452,4,3,1.0,0.001
452,4,4,1.0,0.001
452,4,5,1.0,0.001
452,4,6,1.0,0.001
452,4,7,1.0,0.001
452,4,8,1.0,0.001
452,4,9,0.64,0.001
452,5,0,1.0,0.001
452,5,1,1.0,0.001
452,5,2,1.0,0.001
452,5,3,1.0,0.001
452,5,4,1.0,0.001
452,5,5,0.4,0.001
452,5,6,1.0,0.001
452,5,7,1.0,0.001
452,5,8,1.0,0.001
452,5,9,0.36,0.001
452,6,0,0.7083333333333334,0.001
452,6,1,1.0,0.001
452,6,2,1.0,0.001
452,6,3,0.64,0.001
452,6,4,1.0,0.001
452,6,5,1.0,0.001
452,6,6,1.0,0.001
452,6,7,1.0,0.001
452,6,8,0.65,0.001
452,6,9,0.65,0.001
452,7,0,1.0,0.001
452,7,1,1.0,0.001
452,7,2,1.0,0.001
452,7,3,1.0,0.001
452,7,4,0.64,0.001
452,7,5,0.65,0.001
452,7,6,1.0,0.001
452,7,7,0.65,0.001
452,7,8,1.0,0.001
452,7,9,0.64,0.001
452,8,0,1.0,0.001
452,8,1,1.0,0.001
452,8,2,1.0,0.001
452,8,3,1.0,0.001
452,8,4,1.0,0.001
452,8,5,1.0,0.001
452,8,6,1.0,0.001
452,8,7,0.4,0.001
452,8,8,0.36,0.001
452,8,9,1.0,0.001
452,9,0,0.7000000000000001,0.001
452,9,1,1.0,0.001
452,9,2,1.0,0.001
452,9,3,1.0,0.001
452,9,4,1.0,0.001
452,9,5,0.65,0.001
452,9,6,0.64,0.001
452,9,7,1.0,0.001
452,9,8,1.0,0.001
452,9,9,0.64,0.001
457,0,0,0.2777777777777778,0.001
457,0,1,0.4666666666666667,0.001
457,0,2,0.25555555555555554,0.001
457,0,3,0.2361111111111111,0.001
457,0,4,0.4444444444444444,0.001
457,0,5,0.3888888888888889,0.001
457,0,6,0.6190476190476191,0.001
457,0,7,0.6190476190476191,0.001
457,0,8,0.4,0.001
457,0,9,0.75,0.001
457,1,0,0.8,0.001
457,1,1,0.7777777777777778,0.001
457,1,2,0.5444444444444445,0.001
457,1,3,0.015873015873015872,0.001
457,1,4,0.5333333333333333,0.001
457,1,5,0.4074074074074074,0.001
457,1,6,0.6444444444444444,0.001
457,1,7,0.4444444444444444,0.001
457,1,8,0.19642857142857142,0.001
457,1,9,0.140625,0.001
457,2,0,0.5833333333333334,0.001
457,2,1,0.1111111111111111,0.001
457,2,2,0.31481481481481477,0.001
457,2,3,0.44999999999999996,0.001
457,2,4,0.3015873015873016,0.001
457,2,5,0.48148148148148145,0.001
457,2,6,0.7592592592592592,0.001
457,2,7,0.36507936507936506,0.001
457,2,8,0.4375,0.001
457,2,9,0.4375,0.001
457,3,0,0.27222222222222225,0.001
457,3,1,0.2037037037037037,0.001
457,3,2,0.16666666666666666,0.001
457,3,3,0.0,0.001
457,3,4,0.6444444444444444,0.001
457,3,5,0.6000000000000001,0.001
457,3,6,0.2222222222222222,0.001
457,3,7,0.5333333333333333,0.001
457,3,8,0.6875,0.001
457,3,9,0.2708333333333333,0.001
457,4,0,0.31746031746031744,0.001
457,4,1,0.5333333333333333,0.001
457,4,2,0.28148148148148144,0.001
457,4,3,0.11904761904761904,0.001
457,4,4,0.5833333333333334,0.001
457,4,5,0.8055555555555556,0.001
457,4,6,0.2222222222222222,0.001
457,4,7,0.5833333333333334,0.001
457,4,8,0.3333333333333333,0.001
457,4,9,0.5833333333333333,0.001
457,5,0,0.4666666666666667,0.001
457,5,1,0.3611111111111111,0.001
457,5,2,0.5,0.001
457,5,3,0.4074074074074074,0.001
457,5,4,0.125,0.001
457,5,5,0.5555555555555556,0.001
457,5,6,0.23809523809523808,0.001
457,5,7,0.31481481481481477,0.001
457,5,8,0.7708333333333334,0.001
457,5,9,0.59375,0.001
457,6,0,0.7777777777777778,0.001
457,6,1,0.4722222222222222,0.001
457,6,2,0.37777777777777777,0.001
457,6,3,0.5,0.001
457,6,4,0.5,0.001
457,6,5,0.4444444444444444,0.001
457,6,6,0.4583333333333333,0.001
457,6,7,0.23809523809523808,0.001
457,6,8,0.14583333333333331,0.001
457,6,9,0.625,0.001
457,7,0,0.4074074074074074,0.001
457,7,1,0.5,0.001
457,7,2,0.4666666666666667,0.001
457,7,3,0.4444444444444444,0.001
457,7,4,0.5333333333333333,0.001
457,7,5,0.4444444444444444,0.001
457,7,6,0.4666666666666667,0.001
457,7,7,0.4444444444444444,0.001
457,7,8,0.19166666666666665,0.001
457,7,9,0.75,0.001
457,8,0,0.36507936507936506,0.001
457,8,1,0.16666666666666666,0.001
457,8,2,0.4666666666666667,0.001
457,8,3,0.8,0.001
457,8,4,0.24603174603174605,0.001
457,8,5,0.8148148148148148,0.001
457,8,6,0.6444444444444444,0.001
457,8,7,0.4074074074074074,0.001
457,8,8,0.19166666666666665,0.001
457,8,9,0.22916666666666666,0.001
457,9,0,0.3111111111111111,0.001
457,9,1,0.6296296296296295,0.001
457,9,2,0.5,0.001
457,9,3,0.47619047619047616,0.001
457,9,4,0.4074074074074074,0.001
457,9,5,0.6296296296296295,0.001
457,9,6,0.4444444444444444,0.001
457,9,7,0.19047619047619047,0.001
457,9,8,0.3333333333333333,0.001
457,9,9,0.475,0.001
521,0,0,0.25,0.001
521,0,1,1.0,0.001
521,0,2,0.64,0.001
521,0,3,0.36,0.001
521,0,4,0.64,0.001
521,0,5,0.65,0.001
521,0,6,0.4,0.001
521,0,7,0.25,0.001
521,0,8,1.0,0.001
521,0,9,0.36,0.001
521,1,0,0.25,0.001
521,1,1,0.4444444444444444,0.001
521,1,2,0.4,0.001
521,1,3,0.64,0.001
521,1,4,0.36,0.001
521,1,5,0.64,0.001
521,1,6,0.4,0.001
521,1,7,0.6666666666666666,0.001
521,1,8,1.0,0.001
521,1,9,0.65,0.001
521,2,0,0.25,0.001
521,2,1,0.4444444444444444,0.001
521,2,2,1.0,0.001
521,2,3,0.64,0.001
521,2,4,0.36,0.001
521,2,5,1.0,0.001
521,2,6,1.0,0.001
521,2,7,0.36,0.001
521,2,8,0.4,0.001
521,2,9,0.25,0.001
521,3,0,0.7000000000000001,0.001
521,3,1,0.4666666666666666,0.001
521,3,2,0.64,0.001
521,3,3,0.4,0.001
521,3,4,0.36,0.001
521,3,5,0.25,0.001
521,3,6,0.36,0.001
521,3,7,0.64,0.001
521,3,8,0.65,0.001
521,3,9,1.0,0.001
521,4,0,0.7000000000000001,0.001
521,4,1,0.4444444444444444,0.001
521,4,2,0.6666666666666666,0.001
521,4,3,0.4,0.001
521,4,4,0.36,0.001
521,4,5,0.4,0.001
521,4,6,0.16,0.001
521,4,7,1.0,0.001
521,4,8,0.65,0.001
521,4,9,0.64,0.001
521,5,0,0.1111111111111111,0.001
521,5,1,0.6944444444444445,0.001
521,5,2,0.64,0.001
521,5,3,0.64,0.001
521,5,4,0.65,0.001
521,5,5,1.0,0.001
521,5,6,1.0,0.001
521,5,7,0.25,0.001
521,5,8,0.16,0.001
521,5,9,0.65,0.001
521,6,0,0.5,0.001
521,6,1,0.25,0.001
521,6,2,1.0,0.001
521,6,3,0.25,0.001
521,6,4,0.36,0.001
521,6,5,0.64,0.001
521,6,6,0.65,0.001
521,6,7,0.36,0.001
521,6,8,0.64,0.001
521,6,9,1.0,0.001
521,7,0,0.4444444444444444,0.001
521,7,1,1.0,0.001
521,7,2,1.0,0.001
521,7,3,0.65,0.001
521,7,4,0.16,0.001
521,7,5,1.0,0.001
521,7,6,0.36,0.001
521,7,7,0.65,0.001
521,7,8,0.16,0.001
521,7,9,0.16,0.001
521,8,0,0.3,0.001
521,8,1,0.25,0.001
521,8,2,0.64,0.001
521,8,3,0.65,0.001
521,8,4,0.65,0.001
521,8,5,0.4,0.001
521,8,6,1.0,0.001
521,8,7,1.0,0.001
521,8,8,0.36,0.001
521,8,9,0.36,0.001
521,9,0,0.7000000000000001,0.001
521,9,1,0.4444444444444444,0.001
521,9,2,1.0,0.001
521,9,3,0.4,0.001
521,9,4,0.64,0.001
521,9,5,0.4,0.001
521,9,6,0.64,0.001
521,9,7,0.16,0.001
521,9,8,0.4,0.001
521,9,9,0.64,0.001
531,0,0,0.6875,0.001
531,0,1,0.6875,0.001
531,0,2,0.75,0.001
531,0,3,1.0,0.001
531,0,4,1.0,0.001
531,0,5,0.8571428571428571,0.001
531,0,6,0.8571428571428571,0.001
531,0,7,1.0,0.001
531,0,8,0.7428571428571429,0.001
531,0,9,0.75,0.001
531,1,0,0.6875,0.001
531,1,1,1.0,0.001
531,1,2,1.0,0.001
531,1,3,1.0,0.001
531,1,4,1.0,0.001
531,1,5,0.4642857142857143,0.001
531,1,6,0.8571428571428571,0.001
531,1,7,0.8571428571428571,0.001
531,1,8,1.0,0.001
531,1,9,0.5952380952380952,0.001
531,2,0,1.0,0.001
531,2,1,0.375,0.001
531,2,2,0.6875,0.001
531,2,3,1.0,0.001
531,2,4,0.7291666666666666,0.001
531,2,5,0.5952380952380952,0.001
531,2,6,1.0,0.001
531,2,7,0.8571428571428571,0.001
531,2,8,1.0,0.001
531,2,9,0.8571428571428571,0.001
531,3,0,0.65625,0.001
531,3,1,0.875,0.001
531,3,2,0.7708333333333334,0.001
531,3,3,0.8125,0.001
531,3,4,0.625,0.001
531,3,5,1.0,0.001
531,3,6,1.0,0.001
531,3,7,0.8571428571428571,0.001
531,3,8,1.0,0.001
531,3,9,1.0,0.001
531,4,0,0.6875,0.001
531,4,1,1.0,0.001
531,4,2,0.47916666666666663,0.001
531,4,3,0.875,0.001
531,4,4,1.0,0.001
531,4,5,0.32857142857142857,0.001
531,4,6,1.0,0.001
531,4,7,1.0,0.001
531,4,8,0.5714285714285714,0.001
531,4,9,1.0,0.001
531,5,0,1.0,0.001
531,5,1,0.9166666666666666,0.001
531,5,2,0.875,0.001
531,5,3,0.75,0.001
531,5,4,0.625,0.001
531,5,5,1.0,0.001
531,5,6,0.7142857142857143,0.001
531,5,7,0.7346938775510203,0.001
531,5,8,1.0,0.001
531,5,9,0.42857142857142855,0.001
531,6,0,0.625,0.001
531,6,1,0.5625,0.001
531,6,2,1.0,0.001
531,6,3,0.4583333333333333,0.001
531,6,4,0.75,0.001
531,6,5,0.6,0.001
531,6,6,1.0,0.001
531,6,7,0.9285714285714286,0.001
531,6,8,1.0,0.001
531,6,9,0.5285714285714286,0.001
531,7,0,0.7708333333333334,0.001
531,7,1,1.0,0.001
531,7,2,1.0,0.001
531,7,3,0.7708333333333334,0.001
531,7,4,0.625,0.001
531,7,5,1.0,0.001
531,7,6,0.8571428571428571,0.001
531,7,7,0.7142857142857143,0.001
531,7,8,1.0,0.001
531,7,9,1.0,0.001
531,8,0,0.8125,0.001
531,8,1,0.7678571428571428,0.001
531,8,2,0.75,0.001
531,8,3,0.625,0.001
531,8,4,0.53125,0.001
531,8,5,0.7857142857142857,0.001
531,8,6,1.0,0.001
531,8,7,1.0,0.001
531,8,8,0.9285714285714286,0.001
531,8,9,0.7857142857142857,0.001
531,9,0,1.0,0.001
531,9,1,0.53125,0.001
531,9,2,0.875,0.001
531,9,3,1.0,0.001
531,9,4,0.625,0.001
531,9,5,0.9285714285714286,0.001
531,9,6,1.0,0.001
531,9,7,0.7142857142857143,0.001
531,9,8,0.7142857142857143,0.001
531,9,9,0.6071428571428571,0.001
560,0,0,0.4131578947368421,0.001
560,0,1,0.25,0.001
560,0,2,0.12249999999999998,0.001
560,0,3,0.25,0.001
560,0,4,0.6157894736842106,0.001
560,0,5,0.1772853185595568,0.001
560,0,6,0.27700831024930744,0.001
560,0,7,0.1772853185595568,0.001
560,0,8,0.22437673130193903,0.001
560,0,9,0.1772853185595568,0.001
560,1,0,0.37894736842105264,0.001
560,1,1,0.42250000000000004,0.001
560,1,2,0.6131578947368421,0.001
560,1,3,0.16,0.001
560,1,4,0.30250000000000005,0.001
560,1,5,0.14860681114551086,0.001
560,1,6,0.5429362880886427,0.001
560,1,7,0.27700831024930744,0.001
560,1,8,0.1772853185595568,0.001
560,1,9,0.09972299168975068,0.001
560,2,0,0.4631578947368421,0.001
560,2,1,0.16,0.001
560,2,2,0.25,0.001
560,2,3,0.30250000000000005,0.001
560,2,4,0.25,0.001
560,2,5,0.13573407202216067,0.001
560,2,6,0.27700831024930744,0.001
560,2,7,0.34210526315789475,0.001
560,2,8,0.27700831024930744,0.001
560,2,9,0.22437673130193903,0.001
560,3,0,0.20249999999999999,0.001
560,3,1,0.4131578947368421,0.001
560,3,2,0.36,0.001
560,3,3,0.25,0.001
560,3,4,0.16,0.001
560,3,5,0.27700831024930744,0.001
560,3,6,0.5029239766081871,0.001
560,3,7,0.1772853185595568,0.001
560,3,8,0.19504643962848295,0.001
560,3,9,0.335180055401662,0.001
560,4,0,0.20249999999999999,0.001
560,4,1,0.4184210526315789,0.001
560,4,2,0.25,0.001
560,4,3,0.09722222222222224,0.001
560,4,4,0.46842105263157896,0.001
560,4,5,0.335180055401662,0.001
560,4,6,0.22437673130193903,0.001
560,4,7,0.5429362880886427,0.001
560,4,8,0.335180055401662,0.001
560,4,9,0.13573407202216067,0.001
560,5,0,0.5131578947368421,0.001
560,5,1,0.46842105263157896,0.001
560,5,2,0.30250000000000005,0.001
560,5,3,0.04,0.001
560,5,4,0.25,0.001
560,5,5,0.22437673130193903,0.001
560,5,6,0.1772853185595568,0.001
560,5,7,0.39889196675900274,0.001
560,5,8,0.22437673130193903,0.001
560,5,9,0.27700831024930744,0.001
560,6,0,0.12249999999999998,0.001
560,6,1,0.4184210526315789,0.001
560,6,2,0.36,0.001
560,6,3,0.36,0.001
560,6,4,0.5184210526315789,0.001
560,6,5,0.39889196675900274,0.001
560,6,6,0.14860681114551086,0.001
560,6,7,0.13573407202216067,0.001
560,6,8,0.27700831024930744,0.001
560,6,9,0.13573407202216067,0.001
560,7,0,0.20249999999999999,0.001
560,7,1,0.20249999999999999,0.001
560,7,2,0.42250000000000004,0.001
560,7,3,0.2852941176470588,0.001
560,7,4,0.44210526315789467,0.001
560,7,5,0.22437673130193903,0.001
560,7,6,0.27700831024930744,0.001
560,7,7,0.22437673130193903,0.001
560,7,8,0.13573407202216067,0.001
560,7,9,0.6232686980609419,0.001
560,8,0,0.25,0.001
560,8,1,0.42250000000000004,0.001
560,8,2,0.25,0.001
560,8,3,0.42250000000000004,0.001
560,8,4,0.16,0.001
560,8,5,0.1772853185595568,0.001
560,8,6,0.09972299168975068,0.001
560,8,7,0.25077399380804954,0.001
560,8,8,0.13573407202216067,0.001
560,8,9,0.27700831024930744,0.001
560,9,0,0.4631578947368421,0.001
560,9,1,0.20249999999999999,0.001
560,9,2,0.3447368421052631,0.001
560,9,3,0.25,0.001
560,9,4,0.30250000000000005,0.001
560,9,5,0.27700831024930744,0.001
560,9,6,0.22437673130193903,0.001
560,9,7,0.27700831024930744,0.001
560,9,8,0.27700831024930744,0.001
560,9,9,0.27700831024930744,0.001
561,0,0,0.7619047619047619,0.001
561,0,1,0.626530612244898,0.001
561,0,2,0.4251700680272109,0.001
561,0,3,0.48214285714285715,0.001
561,0,4,0.4928571428571429,0.001
561,0,5,0.6051282051282052,0.001
561,0,6,0.34294871794871795,0.001
561,0,7,0.3589743589743589,0.001
561,0,8,0.7435897435897435,0.001
561,0,9,0.6076923076923076,0.001
561,1,0,0.36326530612244895,0.001
561,1,1,0.630952380952381,0.001
561,1,2,0.630952380952381,0.001
561,1,3,0.21428571428571427,0.001
561,1,4,0.8571428571428571,0.001
561,1,5,0.38675213675213677,0.001
561,1,6,0.8076923076923077,0.001
561,1,7,0.6410256410256411,0.001
561,1,8,0.4198717948717948,0.001
561,1,9,0.5384615384615384,0.001
561,2,0,0.6696428571428571,0.001
561,2,1,0.5578231292517006,0.001
561,2,2,0.7261904761904763,0.001
561,2,3,0.23724489795918366,0.001
561,2,4,0.6836734693877551,0.001
561,2,5,0.41025641025641024,0.001
561,2,6,0.7846153846153846,0.001
561,2,7,0.4444444444444444,0.001
561,2,8,0.5982905982905983,0.001
561,2,9,0.49633699633699635,0.001
561,3,0,0.8673469387755102,0.001
561,3,1,0.8673469387755102,0.001
561,3,2,0.7363945578231293,0.001
561,3,3,0.6523809523809524,0.001
561,3,4,0.5280612244897959,0.001
561,3,5,0.41025641025641024,0.001
561,3,6,0.7205128205128205,0.001
561,3,7,0.3516483516483516,0.001
561,3,8,0.25384615384615383,0.001
561,3,9,0.21794871794871792,0.001
561,4,0,0.8714285714285713,0.001
561,4,1,0.6517857142857143,0.001
561,4,2,0.6279761904761905,0.001
561,4,3,0.7374999999999999,0.001
561,4,4,0.7142857142857143,0.001
561,4,5,0.5641025641025641,0.001
561,4,6,0.266025641025641,0.001
561,4,7,0.5384615384615384,0.001
561,4,8,0.3076923076923077,0.001
561,4,9,0.421978021978022,0.001
561,5,0,0.3488095238095238,0.001
561,5,1,0.7380952380952381,0.001
561,5,2,0.28035714285714286,0.001
561,5,3,0.629251700680272,0.001
561,5,4,0.7232142857142857,0.001
561,5,5,0.5961538461538461,0.001
561,5,6,0.7264957264957265,0.001
561,5,7,0.6,0.001
561,5,8,0.6593406593406593,0.001
561,5,9,0.36153846153846153,0.001
561,6,0,0.4404761904761905,0.001
561,6,1,0.36607142857142855,0.001
561,6,2,0.5918367346938774,0.001
561,6,3,0.5174603174603175,0.001
561,6,4,0.6387755102040816,0.001
561,6,5,0.6051282051282052,0.001
561,6,6,0.6135531135531135,0.001
561,6,7,0.6666666666666666,0.001
561,6,8,0.5192307692307693,0.001
561,6,9,0.5769230769230769,0.001
561,7,0,0.326984126984127,0.001
561,7,1,0.7936507936507936,0.001
561,7,2,0.5089285714285714,0.001
561,7,3,0.6241496598639455,0.001
561,7,4,0.569047619047619,0.001
561,7,5,0.7362637362637362,0.001
561,7,6,0.44487179487179485,0.001
561,7,7,0.5686813186813187,0.001
561,7,8,0.5217948717948718,0.001
561,7,9,0.48653846153846153,0.001
561,8,0,0.30272108843537415,0.001
561,8,1,0.576530612244898,0.001
561,8,2,0.5578231292517006,0.001
561,8,3,0.6666666666666667,0.001
561,8,4,0.55,0.001
561,8,5,0.7435897435897437,0.001
561,8,6,0.7435897435897435,0.001
561,8,7,0.22710622710622708,0.001
561,8,8,0.7802197802197802,0.001
561,8,9,0.4578754578754579,0.001
561,9,0,0.4251700680272109,0.001
561,9,1,0.44523809523809516,0.001
561,9,2,0.7363945578231293,0.001
561,9,3,0.6428571428571429,0.001
561,9,4,0.7946428571428571,0.001
561,9,5,0.676923076923077,0.001
561,9,6,0.27197802197802196,0.001
561,9,7,0.25274725274725274,0.001
561,9,8,0.5480769230769231,0.001
561,9,9,0.5923076923076923,0.001
565,0,0,0.5714285714285714,0.001
565,0,1,1.0,0.001
565,0,2,1.0,0.001
565,0,3,0.75,0.001
565,0,4,1.0,0.001
565,0,5,1.0,0.001
565,0,6,0.7000000000000001,0.001
565,0,7,1.0,0.001
565,0,8,1.0,0.001
565,0,9,1.0,0.001
565,1,0,0.7428571428571429,0.001
565,1,1,1.0,0.001
565,1,2,1.0,0.001
565,1,3,1.0,0.001
565,1,4,1.0,0.001
565,1,5,1.0,0.001
565,1,6,0.75,0.001
565,1,7,0.5,0.001
565,1,8,1.0,0.001
565,1,9,1.0,0.001
565,2,0,0.6428571428571429,0.001
565,2,1,0.75,0.001
565,2,2,1.0,0.001
565,2,3,1.0,0.001
565,2,4,1.0,0.001
565,2,5,1.0,0.001
565,2,6,0.7083333333333334,0.001
565,2,7,1.0,0.001
565,2,8,1.0,0.001
565,2,9,1.0,0.001
565,3,0,0.7380952380952381,0.001
565,3,1,1.0,0.001
565,3,2,0.9285714285714286,0.001
565,3,3,1.0,0.001
565,3,4,1.0,0.001
565,3,5,1.0,0.001
565,3,6,1.0,0.001
565,3,7,1.0,0.001
565,3,8,0.5,0.001
565,3,9,1.0,0.001
565,4,0,1.0,0.001
565,4,1,0.7142857142857143,0.001
565,4,2,1.0,0.001
565,4,3,0.5428571428571428,0.001
565,4,4,1.0,0.001
565,4,5,0.7428571428571429,0.001
565,4,6,1.0,0.001
565,4,7,1.0,0.001
565,4,8,1.0,0.001
565,4,9,1.0,0.001
565,5,0,0.7428571428571429,0.001
565,5,1,1.0,0.001
565,5,2,1.0,0.001
565,5,3,1.0,0.001
565,5,4,1.0,0.001
565,5,5,0.6428571428571429,0.001
565,5,6,1.0,0.001
565,5,7,0.7222222222222222,0.001
565,5,8,1.0,0.001
565,5,9,0.6666666666666666,0.001
565,6,0,1.0,0.001
565,6,1,0.75,0.001
565,6,2,1.0,0.001
565,6,3,1.0,0.001
565,6,4,0.75,0.001
565,6,5,1.0,0.001
565,6,6,1.0,0.001
565,6,7,1.0,0.001
565,6,8,1.0,0.001
565,6,9,0.5,0.001
565,7,0,1.0,0.001
565,7,1,1.0,0.001
565,7,2,0.7380952380952381,0.001
565,7,3,1.0,0.001
565,7,4,0.7857142857142857,0.001
565,7,5,0.7619047619047619,0.001
565,7,6,1.0,0.001
565,7,7,1.0,0.001
565,7,8,0.75,0.001
565,7,9,1.0,0.001
565,8,0,0.7619047619047619,0.001
565,8,1,1.0,0.001
565,8,2,1.0,0.001
565,8,3,1.0,0.001
565,8,4,1.0,0.001
565,8,5,0.7428571428571429,0.001
565,8,6,1.0,0.001
565,8,7,1.0,0.001
565,8,8,0.9166666666666666,0.001
565,8,9,0.7083333333333334,0.001
565,9,0,0.75,0.001
565,9,1,0.619047619047619,0.001
565,9,2,1.0,0.001
565,9,3,1.0,0.001
565,9,4,1.0,0.001
565,9,5,0.75,0.001
565,9,6,1.0,0.001
565,9,7,1.0,0.001
565,9,8,1.0,0.001
565,9,9,1.0,0.001
575,0,0,0.5125,0.001
575,0,1,0.6571428571428571,0.001
575,0,2,0.5,0.001
575,0,3,0.65,0.001
575,0,4,0.55,0.001
575,0,5,0.5125,0.001
575,0,6,0.25,0.001
575,0,7,0.16,0.001
575,0,8,0.6444444444444444,0.001
575,0,9,0.6190476190476191,0.001
575,1,0,0.6666666666666666,0.001
575,1,1,0.8166666666666668,0.001
575,1,2,0.2777777777777778,0.001
575,1,3,0.5285714285714286,0.001
575,1,4,0.65,0.001
575,1,5,0.5,0.001
575,1,6,0.5,0.001
575,1,7,0.2777777777777778,0.001
575,1,8,0.4444444444444444,0.001
575,1,9,0.4074074074074074,0.001
575,2,0,0.37777777777777777,0.001
575,2,1,0.6444444444444445,0.001
575,2,2,0.6444444444444445,0.001
575,2,3,0.6571428571428571,0.001
575,2,4,0.4166666666666667,0.001
575,2,5,0.16,0.001
575,2,6,0.8125,0.001
575,2,7,0.5125,0.001
575,2,8,0.6296296296296295,0.001
575,2,9,0.4074074074074074,0.001
575,3,0,0.5285714285714286,0.001
575,3,1,0.5,0.001
575,3,2,0.825,0.001
575,3,3,0.6444444444444445,0.001
575,3,4,0.2777777777777778,0.001
575,3,5,0.25,0.001
575,3,6,0.48999999999999994,0.001
575,3,7,0.5125,0.001
575,3,8,0.47619047619047616,0.001
575,3,9,0.6190476190476191,0.001
575,4,0,0.45,0.001
575,4,1,0.3125,0.001
575,4,2,0.4,0.001
575,4,3,0.4,0.001
575,4,4,0.2777777777777778,0.001
575,4,5,0.65,0.001
575,4,6,0.8166666666666668,0.001
575,4,7,0.8111111111111111,0.001
575,4,8,0.6190476190476191,0.001
575,4,9,0.36507936507936506,0.001
575,5,0,0.5285714285714286,0.001
575,5,1,0.5285714285714286,0.001
575,5,2,0.6444444444444445,0.001
575,5,3,0.55,0.001
575,5,4,0.65,0.001
575,5,5,0.5285714285714286,0.001
575,5,6,0.4,0.001
575,5,7,0.2777777777777778,0.001
575,5,8,0.30864197530864196,0.001
575,5,9,0.6111111111111112,0.001
575,6,0,0.5,0.001
575,6,1,0.8125,0.001
575,6,2,0.2777777777777778,0.001
575,6,3,0.82,0.001
575,6,4,0.3125,0.001
575,6,5,0.42857142857142855,0.001
575,6,6,0.2,0.001
575,6,7,0.8166666666666668,0.001
575,6,8,0.4444444444444444,0.001
575,6,9,0.6111111111111112,0.001
575,7,0,0.6571428571428571,0.001
575,7,1,0.6571428571428571,0.001
575,7,2,0.55,0.001
575,7,3,0.6444444444444445,0.001
575,7,4,0.37777777777777777,0.001
575,7,5,0.5125,0.001
575,7,6,0.37777777777777777,0.001
575,7,7,0.5,0.001
575,7,8,0.4583333333333333,0.001
575,7,9,0.35185185185185186,0.001
575,8,0,0.42857142857142855,0.001
575,8,1,0.6571428571428571,0.001
575,8,2,0.42857142857142855,0.001
575,8,3,0.37777777777777777,0.001
575,8,4,0.25,0.001
575,8,5,0.6444444444444445,0.001
575,8,6,0.5,0.001
575,8,7,0.6444444444444445,0.001
575,8,8,0.6190476190476191,0.001
575,8,9,0.4074074074074074,0.001
575,9,0,0.8125,0.001
575,9,1,0.3125,0.001
575,9,2,1.0,0.001
575,9,3,0.8111111111111111,0.001
575,9,4,0.5125,0.001
575,9,5,0.4666666666666667,0.001
575,9,6,0.3125,0.001
575,9,7,0.3125,0.001
575,9,8,0.30864197530864196,0.001
575,9,9,0.47619047619047616,0.001
597,0,0,0.5238095238095238,0.001
597,0,1,0.25,0.001
597,0,2,0.3,0.001
597,0,3,1.0,0.001
597,0,4,0.4444444444444444,0.001
597,0,5,0.4444444444444444,0.001
597,0,6,1.0,0.001
597,0,7,0.7000000000000001,0.001
597,0,8,0.6944444444444445,0.001
597,0,9,0.1111111111111111,0.001
597,1,0,0.32653061224489793,0.001
597,1,1,0.4444444444444444,0.001
597,1,2,0.6944444444444445,0.001
597,1,3,0.4666666666666666,0.001
597,1,4,0.25,0.001
597,1,5,0.1111111111111111,0.001
597,1,6,0.6944444444444445,0.001
597,1,7,0.7000000000000001,0.001
597,1,8,1.0,0.001
597,1,9,0.7083333333333334,0.001
597,2,0,0.5428571428571428,0.001
597,2,1,0.1111111111111111,0.001
597,2,2,0.19999999999999998,0.001
597,2,3,0.6944444444444445,0.001
597,2,4,0.6944444444444445,0.001
597,2,5,0.6944444444444445,0.001
597,2,6,0.4666666666666666,0.001
597,2,7,0.4444444444444444,0.001
597,2,8,0.6944444444444445,0.001
597,2,9,1.0,0.001
597,3,0,0.32653061224489793,0.001
597,3,1,0.7000000000000001,0.001
597,3,2,0.4666666666666666,0.001
597,3,3,0.4444444444444444,0.001
597,3,4,0.4444444444444444,0.001
597,3,5,0.4444444444444444,0.001
597,3,6,0.6944444444444445,0.001
597,3,7,0.6944444444444445,0.001
597,3,8,0.375,0.001
597,3,9,0.7000000000000001,0.001
597,4,0,0.7346938775510203,0.001
597,4,1,1.0,0.001
597,4,2,0.027777777777777776,0.001
597,4,3,1.0,0.001
597,4,4,0.6944444444444445,0.001
597,4,5,0.3,0.001
597,4,6,0.6944444444444445,0.001
597,4,7,0.6944444444444445,0.001
597,4,8,0.3,0.001
597,4,9,0.25,0.001
597,5,0,0.5102040816326531,0.001
597,5,1,0.6944444444444445,0.001
597,5,2,0.4666666666666666,0.001
597,5,3,0.25,0.001
597,5,4,0.4444444444444444,0.001
597,5,5,0.7083333333333334,0.001
597,5,6,0.7000000000000001,0.001
597,5,7,0.4666666666666666,0.001
597,5,8,0.6944444444444445,0.001
597,5,9,0.25,0.001
597,6,0,0.23809523809523808,0.001
597,6,1,0.7000000000000001,0.001
597,6,2,0.4444444444444444,0.001
597,6,3,0.4444444444444444,0.001
597,6,4,0.25,0.001
597,6,5,0.6944444444444445,0.001
597,6,6,0.3,0.001
597,6,7,1.0,0.001
597,6,8,0.4444444444444444,0.001
597,6,9,1.0,0.001
597,7,0,0.7346938775510203,0.001
597,7,1,0.4444444444444444,0.001
597,7,2,0.7222222222222222,0.001
597,7,3,0.7000000000000001,0.001
597,7,4,0.25,0.001
597,7,5,0.19999999999999998,0.001
597,7,6,0.4444444444444444,0.001
597,7,7,1.0,0.001
597,7,8,0.4444444444444444,0.001
597,7,9,0.4444444444444444,0.001
597,8,0,1.0,0.001
597,8,1,0.4444444444444444,0.001
597,8,2,0.25,0.001
597,8,3,0.25,0.001
597,8,4,0.19999999999999998,0.001
597,8,5,1.0,0.001
597,8,6,0.6944444444444445,0.001
597,8,7,0.3,0.001
597,8,8,0.7000000000000001,0.001
597,8,9,0.6944444444444445,0.001
597,9,0,0.7380952380952381,0.001
597,9,1,0.5,0.001
597,9,2,0.4444444444444444,0.001
597,9,3,0.7000000000000001,0.001
597,9,4,0.4666666666666666,0.001
597,9,5,0.25,0.001
597,9,6,0.25,0.001
597,9,7,1.0,0.001
597,9,8,0.6944444444444445,0.001
597,9,9,0.25,0.001
